first_improvement_eval,create_exhaustive_neighbors,123936.65552492334,0,10000,10,23.584733963012695
first_improvement_eval,create_exhaustive_neighbors,123565.98981688406,0,10000,20,8.053186893463135
first_improvement_eval,create_exhaustive_neighbors,122842.62919393052,0,10000,40,1.3539538383483887
first_improvement_eval,create_exhaustive_neighbors,122111.5754327384,0,10000,60,0.29685091972351074
first_improvement_eval,create_exhaustive_neighbors,122867.82383660068,0,10000,80,0.43092918395996094
first_improvement_eval,create_exhaustive_neighbors,123484.78818080566,0,10000,100,0.9498097896575928
first_improvement_eval,create_exhaustive_neighbors,123936.65552492334,0,100000,10,23.367435932159424
first_improvement_eval,create_exhaustive_neighbors,123565.98981688406,0,100000,20,7.937281608581543
first_improvement_eval,create_exhaustive_neighbors,122842.62919393052,0,100000,40,1.3586270809173584
first_improvement_eval,create_exhaustive_neighbors,122111.5754327384,0,100000,60,0.2951469421386719
first_improvement_eval,create_exhaustive_neighbors,122867.82383660068,0,100000,80,0.43250131607055664
first_improvement_eval,create_exhaustive_neighbors,123484.78818080566,0,100000,100,0.9381952285766602
first_improvement_eval,create_exhaustive_neighbors,123936.65552492334,0,1000000,10,23.299761056900024
first_improvement_eval,create_exhaustive_neighbors,123565.98981688406,0,1000000,20,7.940625905990601
first_improvement_eval,create_exhaustive_neighbors,122842.62919393052,0,1000000,40,1.3421978950500488
first_improvement_eval,create_exhaustive_neighbors,122111.5754327384,0,1000000,60,0.29420995712280273
first_improvement_eval,create_exhaustive_neighbors,122867.82383660068,0,1000000,80,0.43119311332702637
first_improvement_eval,create_exhaustive_neighbors,123484.78818080566,0,1000000,100,0.9378499984741211
first_improvement_eval,create_exhaustive_neighbors,123936.65552492334,0,10000000,10,23.205320119857788
first_improvement_eval,create_exhaustive_neighbors,123565.98981688406,0,10000000,20,7.966536045074463
first_improvement_eval,create_exhaustive_neighbors,122842.62919393052,0,10000000,40,1.3480629920959473
first_improvement_eval,create_exhaustive_neighbors,122111.5754327384,0,10000000,60,0.29378414154052734
first_improvement_eval,create_exhaustive_neighbors,122867.82383660068,0,10000000,80,0.4302480220794678
first_improvement_eval,create_exhaustive_neighbors,123484.78818080566,0,10000000,100,0.9430463314056396
greedy_selection_eval,create_exhaustive_neighbors,123936.65552492334,0,10000,10,10.788776397705078
greedy_selection_eval,create_exhaustive_neighbors,123895.9952085445,0,10000,20,4.915925025939941
greedy_selection_eval,create_exhaustive_neighbors,123274.75365082562,0,10000,40,1.3538391590118408
greedy_selection_eval,create_exhaustive_neighbors,122374.86888350963,0,10000,60,0.2915208339691162
greedy_selection_eval,create_exhaustive_neighbors,122867.82383660068,0,10000,80,0.4324221611022949
greedy_selection_eval,create_exhaustive_neighbors,123765.48945253406,0,10000,100,0.949876070022583
greedy_selection_eval,create_exhaustive_neighbors,123936.65552492334,0,100000,10,10.81338620185852
greedy_selection_eval,create_exhaustive_neighbors,123895.9952085445,0,100000,20,4.906820058822632
greedy_selection_eval,create_exhaustive_neighbors,123274.75365082562,0,100000,40,1.345876932144165
greedy_selection_eval,create_exhaustive_neighbors,122374.86888350963,0,100000,60,0.2958667278289795
greedy_selection_eval,create_exhaustive_neighbors,122867.82383660068,0,100000,80,0.4342479705810547
greedy_selection_eval,create_exhaustive_neighbors,123765.48945253406,0,100000,100,0.9445681571960449
greedy_selection_eval,create_exhaustive_neighbors,123936.65552492334,0,1000000,10,10.70383095741272
greedy_selection_eval,create_exhaustive_neighbors,123895.9952085445,0,1000000,20,4.914007902145386
greedy_selection_eval,create_exhaustive_neighbors,123274.75365082562,0,1000000,40,1.3494420051574707
greedy_selection_eval,create_exhaustive_neighbors,122374.86888350963,0,1000000,60,0.29483795166015625
greedy_selection_eval,create_exhaustive_neighbors,122867.82383660068,0,1000000,80,0.43321895599365234
greedy_selection_eval,create_exhaustive_neighbors,123765.48945253406,0,1000000,100,0.9427940845489502
greedy_selection_eval,create_exhaustive_neighbors,123936.65552492334,0,10000000,10,10.746840953826904
greedy_selection_eval,create_exhaustive_neighbors,123895.9952085445,0,10000000,20,4.942795038223267
greedy_selection_eval,create_exhaustive_neighbors,123274.75365082562,0,10000000,40,1.3442902565002441
greedy_selection_eval,create_exhaustive_neighbors,122374.86888350963,0,10000000,60,0.2939300537109375
greedy_selection_eval,create_exhaustive_neighbors,122867.82383660068,0,10000000,80,0.4315371513366699
greedy_selection_eval,create_exhaustive_neighbors,123765.48945253406,0,10000000,100,0.9501938819885254
stochastic_selection_eval,create_exhaustive_neighbors,123936.65552492334,0,10000,10,17.54196000099182
stochastic_selection_eval,create_exhaustive_neighbors,123765.94709756794,0,10000,20,6.519350051879883
stochastic_selection_eval,create_exhaustive_neighbors,123057.09602100989,0,10000,40,1.442152976989746
stochastic_selection_eval,create_exhaustive_neighbors,122349.73625958945,0,10000,60,0.4371809959411621
stochastic_selection_eval,create_exhaustive_neighbors,123063.44303880274,0,10000,80,0.7802419662475586
stochastic_selection_eval,create_exhaustive_neighbors,123583.178179934,0,10000,100,1.0569629669189453
stochastic_selection_eval,create_exhaustive_neighbors,123936.65552492334,0,100000,10,17.06990885734558
stochastic_selection_eval,create_exhaustive_neighbors,123721.17000460236,0,100000,20,6.8518781661987305
stochastic_selection_eval,create_exhaustive_neighbors,122992.12314421855,0,100000,40,1.3849759101867676
stochastic_selection_eval,create_exhaustive_neighbors,122231.15494184868,0,100000,60,0.42516088485717773
stochastic_selection_eval,create_exhaustive_neighbors,123459.09342150958,0,100000,80,1.0853028297424316
stochastic_selection_eval,create_exhaustive_neighbors,123481.06727068413,0,100000,100,1.1028549671173096
stochastic_selection_eval,create_exhaustive_neighbors,123936.65552492334,0,1000000,10,17.893335103988647
stochastic_selection_eval,create_exhaustive_neighbors,123733.20374453941,0,1000000,20,6.371403694152832
stochastic_selection_eval,create_exhaustive_neighbors,123048.50407980957,0,1000000,40,1.5182409286499023
stochastic_selection_eval,create_exhaustive_neighbors,121865.78873786413,0,1000000,60,0.295896053314209
stochastic_selection_eval,create_exhaustive_neighbors,123459.09342150958,0,1000000,80,1.1087589263916016
stochastic_selection_eval,create_exhaustive_neighbors,123685.28908918337,0,1000000,100,1.4820787906646729
stochastic_selection_eval,create_exhaustive_neighbors,123936.65552492334,0,10000000,10,17.63341522216797
stochastic_selection_eval,create_exhaustive_neighbors,123757.78737725994,0,10000000,20,6.657394170761108
stochastic_selection_eval,create_exhaustive_neighbors,123017.68063069765,0,10000000,40,1.5540528297424316
stochastic_selection_eval,create_exhaustive_neighbors,122266.1904718677,0,10000000,60,0.2933049201965332
stochastic_selection_eval,create_exhaustive_neighbors,123459.09342150958,0,10000000,80,1.1123418807983398
stochastic_selection_eval,create_exhaustive_neighbors,123481.06727068413,0,10000000,100,1.0732698440551758
first_improvement_eval,create_multi_change_neighbors,121932.5853102587,2,10000,10,0.031397104263305664
first_improvement_eval,create_multi_change_neighbors,121923.67555264979,4,10000,10,0.053707122802734375
first_improvement_eval,create_multi_change_neighbors,122242.37934835978,8,10000,10,0.6314229965209961
first_improvement_eval,create_multi_change_neighbors,123493.22274370796,16,10000,10,6.866696834564209
first_improvement_eval,create_multi_change_neighbors,123647.86569396053,32,10000,10,16.889426946640015
first_improvement_eval,create_multi_change_neighbors,123879.7310819928,64,10000,10,55.89475417137146
first_improvement_eval,create_multi_change_neighbors,121923.28661639575,2,10000,20,0.030746936798095703
first_improvement_eval,create_multi_change_neighbors,121840.44448094392,4,10000,20,0.053690195083618164
first_improvement_eval,create_multi_change_neighbors,122641.1468059916,8,10000,20,0.7748839855194092
first_improvement_eval,create_multi_change_neighbors,123391.96268948114,16,10000,20,2.6985740661621094
first_improvement_eval,create_multi_change_neighbors,123660.48988072759,32,10000,20,8.582936763763428
first_improvement_eval,create_multi_change_neighbors,123555.62857320548,64,10000,20,12.555675029754639
first_improvement_eval,create_multi_change_neighbors,121782.65765252206,2,10000,40,0.01535487174987793
first_improvement_eval,create_multi_change_neighbors,122168.98648820227,4,10000,40,0.10049891471862793
first_improvement_eval,create_multi_change_neighbors,122494.5407440659,8,10000,40,0.28711915016174316
first_improvement_eval,create_multi_change_neighbors,123081.16350088542,16,10000,40,0.9986751079559326
first_improvement_eval,create_multi_change_neighbors,123167.90595953437,32,10000,40,2.3623158931732178
first_improvement_eval,create_multi_change_neighbors,123200.58870257539,64,10000,40,4.44438099861145
first_improvement_eval,create_multi_change_neighbors,121937.17886378319,2,10000,60,0.0305788516998291
first_improvement_eval,create_multi_change_neighbors,122248.12059148742,4,10000,60,0.06889772415161133
first_improvement_eval,create_multi_change_neighbors,121872.52739953923,8,10000,60,0.0687551498413086
first_improvement_eval,create_multi_change_neighbors,122307.83654622211,16,10000,60,0.31381678581237793
first_improvement_eval,create_multi_change_neighbors,122897.89033295013,32,10000,60,1.9625880718231201
first_improvement_eval,create_multi_change_neighbors,123007.97533156982,64,10000,60,4.8797478675842285
first_improvement_eval,create_multi_change_neighbors,122116.51991363504,2,10000,80,0.023075103759765625
first_improvement_eval,create_multi_change_neighbors,122055.97479530997,4,10000,80,0.03814291954040527
first_improvement_eval,create_multi_change_neighbors,122163.52429485532,8,10000,80,0.09923791885375977
first_improvement_eval,create_multi_change_neighbors,122694.44113326125,16,10000,80,0.3745748996734619
first_improvement_eval,create_multi_change_neighbors,123095.69655574301,32,10000,80,1.3491418361663818
first_improvement_eval,create_multi_change_neighbors,123265.51066477747,64,10000,80,3.673099994659424
first_improvement_eval,create_multi_change_neighbors,122174.9620433618,2,10000,100,0.030820846557617188
first_improvement_eval,create_multi_change_neighbors,121904.72699156223,4,10000,100,0.05455422401428223
first_improvement_eval,create_multi_change_neighbors,122380.16586408873,8,10000,100,0.10132884979248047
first_improvement_eval,create_multi_change_neighbors,123324.53022956486,16,10000,100,0.6907131671905518
first_improvement_eval,create_multi_change_neighbors,123685.28908918337,32,10000,100,2.7392380237579346
first_improvement_eval,create_multi_change_neighbors,123667.09945340567,64,10000,100,5.467196941375732
first_improvement_eval,create_multi_change_neighbors,121941.34439047711,2,100000,10,0.046364784240722656
first_improvement_eval,create_multi_change_neighbors,121843.53969128862,4,100000,10,0.03836321830749512
first_improvement_eval,create_multi_change_neighbors,122913.15857248363,8,100000,10,1.5961318016052246
first_improvement_eval,create_multi_change_neighbors,123322.50458621724,16,100000,10,5.161219120025635
first_improvement_eval,create_multi_change_neighbors,123583.32595834612,32,100000,10,16.228136777877808
first_improvement_eval,create_multi_change_neighbors,123920.39139837165,64,100000,10,56.8266499042511
first_improvement_eval,create_multi_change_neighbors,121876.58165210289,2,100000,20,0.030668020248413086
first_improvement_eval,create_multi_change_neighbors,121933.88218989951,4,100000,20,0.05364203453063965
first_improvement_eval,create_multi_change_neighbors,122952.83028969435,8,100000,20,0.9031620025634766
first_improvement_eval,create_multi_change_neighbors,122514.43387309703,16,100000,20,1.0877530574798584
first_improvement_eval,create_multi_change_neighbors,123701.07118666267,32,100000,20,9.847314834594727
first_improvement_eval,create_multi_change_neighbors,123644.09595130294,64,100000,20,19.326714038848877
first_improvement_eval,create_multi_change_neighbors,121841.08939029452,2,100000,40,0.023442983627319336
first_improvement_eval,create_multi_change_neighbors,121956.87477621902,4,100000,40,0.06996393203735352
first_improvement_eval,create_multi_change_neighbors,122126.79136766937,8,100000,40,0.2262861728668213
first_improvement_eval,create_multi_change_neighbors,123032.16509366117,16,100000,40,0.8738842010498047
first_improvement_eval,create_multi_change_neighbors,123001.4106243488,32,100000,40,1.6024911403656006
first_improvement_eval,create_multi_change_neighbors,123232.22359873577,64,100000,40,7.1083409786224365
first_improvement_eval,create_multi_change_neighbors,122158.26487783474,2,100000,60,0.030937910079956055
first_improvement_eval,create_multi_change_neighbors,121833.87080149975,4,100000,60,0.03894925117492676
first_improvement_eval,create_multi_change_neighbors,122364.89591648341,8,100000,60,0.13115501403808594
first_improvement_eval,create_multi_change_neighbors,122550.365689144,16,100000,60,0.37872886657714844
first_improvement_eval,create_multi_change_neighbors,122835.40229457659,32,100000,60,1.1106688976287842
first_improvement_eval,create_multi_change_neighbors,122860.24791802304,64,100000,60,3.1834802627563477
first_improvement_eval,create_multi_change_neighbors,121782.65765252206,2,100000,80,0.015283823013305664
first_improvement_eval,create_multi_change_neighbors,122283.19749582694,4,100000,80,0.05399179458618164
first_improvement_eval,create_multi_change_neighbors,122368.98671453865,8,100000,80,0.16113710403442383
first_improvement_eval,create_multi_change_neighbors,123263.74938389906,16,100000,80,0.7454118728637695
first_improvement_eval,create_multi_change_neighbors,122860.60420552171,32,100000,80,0.9804160594940186
first_improvement_eval,create_multi_change_neighbors,123137.3948434247,64,100000,80,1.9651472568511963
first_improvement_eval,create_multi_change_neighbors,121782.65765252206,2,100000,100,0.015359163284301758
first_improvement_eval,create_multi_change_neighbors,121782.65765252206,4,100000,100,0.023051023483276367
first_improvement_eval,create_multi_change_neighbors,122949.0929006596,8,100000,100,0.22348999977111816
first_improvement_eval,create_multi_change_neighbors,122581.87676429235,16,100000,100,0.3155488967895508
first_improvement_eval,create_multi_change_neighbors,123725.38927085884,32,100000,100,2.583832025527954
first_improvement_eval,create_multi_change_neighbors,123623.27836160896,64,100000,100,3.432584047317505
first_improvement_eval,create_multi_change_neighbors,122135.50257936434,2,1000000,10,0.08400893211364746
first_improvement_eval,create_multi_change_neighbors,122199.58008383845,4,1000000,10,0.24015092849731445
first_improvement_eval,create_multi_change_neighbors,122025.67984979383,8,1000000,10,0.28610682487487793
first_improvement_eval,create_multi_change_neighbors,123088.57320137265,16,1000000,10,3.8852288722991943
first_improvement_eval,create_multi_change_neighbors,123629.6210070411,32,1000000,10,18.990362882614136
first_improvement_eval,create_multi_change_neighbors,123733.05561399154,64,1000000,10,40.62297582626343
first_improvement_eval,create_multi_change_neighbors,122125.4193212824,2,1000000,20,0.06126070022583008
first_improvement_eval,create_multi_change_neighbors,122028.9184042764,4,1000000,20,0.11360621452331543
first_improvement_eval,create_multi_change_neighbors,122164.93855874952,8,1000000,20,0.128403902053833
first_improvement_eval,create_multi_change_neighbors,123377.84033364481,16,1000000,20,1.9671909809112549
first_improvement_eval,create_multi_change_neighbors,123346.27589799867,32,1000000,20,5.380017042160034
first_improvement_eval,create_multi_change_neighbors,123765.46576865469,64,1000000,20,22.26023769378662
first_improvement_eval,create_multi_change_neighbors,121926.00845759512,2,1000000,40,0.022974014282226562
first_improvement_eval,create_multi_change_neighbors,121782.65765252206,4,1000000,40,0.022925138473510742
first_improvement_eval,create_multi_change_neighbors,122184.64908776006,8,1000000,40,0.1912539005279541
first_improvement_eval,create_multi_change_neighbors,123177.37235176683,16,1000000,40,1.6589481830596924
first_improvement_eval,create_multi_change_neighbors,123160.83792287366,32,1000000,40,2.944236993789673
first_improvement_eval,create_multi_change_neighbors,123131.19241294437,64,1000000,40,5.657591104507446
first_improvement_eval,create_multi_change_neighbors,122574.38854436674,2,1000000,60,0.03801083564758301
first_improvement_eval,create_multi_change_neighbors,121952.68377483355,4,1000000,60,0.038025856018066406
first_improvement_eval,create_multi_change_neighbors,122503.45642085637,8,1000000,60,0.18977093696594238
first_improvement_eval,create_multi_change_neighbors,121971.146546659,16,1000000,60,0.18978404998779297
first_improvement_eval,create_multi_change_neighbors,122682.86608969973,32,1000000,60,1.1091947555541992
first_improvement_eval,create_multi_change_neighbors,122848.79745367137,64,1000000,60,2.9350810050964355
first_improvement_eval,create_multi_change_neighbors,122428.74873329212,2,1000000,80,0.03058028221130371
first_improvement_eval,create_multi_change_neighbors,121803.18388025895,4,1000000,80,0.038202762603759766
first_improvement_eval,create_multi_change_neighbors,122202.43654713438,8,1000000,80,0.09938812255859375
first_improvement_eval,create_multi_change_neighbors,123345.49498907864,16,1000000,80,0.9239778518676758
first_improvement_eval,create_multi_change_neighbors,123265.51066477747,32,1000000,80,1.3600671291351318
first_improvement_eval,create_multi_change_neighbors,123391.79029048614,64,1000000,80,3.4385340213775635
first_improvement_eval,create_multi_change_neighbors,121925.3023290977,2,1000000,100,0.02308487892150879
first_improvement_eval,create_multi_change_neighbors,121782.65765252206,4,1000000,100,0.023051977157592773
first_improvement_eval,create_multi_change_neighbors,122151.98734123202,8,1000000,100,0.06955599784851074
first_improvement_eval,create_multi_change_neighbors,123109.14986570767,16,1000000,100,0.5641117095947266
first_improvement_eval,create_multi_change_neighbors,123623.27836160896,32,1000000,100,2.1470351219177246
first_improvement_eval,create_multi_change_neighbors,123667.09945340567,64,1000000,100,4.253875970840454
first_improvement_eval,create_multi_change_neighbors,121864.4788348095,2,10000000,10,0.023169994354248047
first_improvement_eval,create_multi_change_neighbors,121782.65765252206,4,10000000,10,0.02304220199584961
first_improvement_eval,create_multi_change_neighbors,122395.98854820916,8,10000000,10,0.8940017223358154
first_improvement_eval,create_multi_change_neighbors,123598.38208923653,16,10000000,10,8.10581922531128
first_improvement_eval,create_multi_change_neighbors,123686.50217926945,32,10000000,10,18.378109216690063
first_improvement_eval,create_multi_change_neighbors,123786.8579134021,64,10000000,10,41.24927496910095
first_improvement_eval,create_multi_change_neighbors,121782.65765252206,2,10000000,20,0.01530599594116211
first_improvement_eval,create_multi_change_neighbors,122153.65673342755,4,10000000,20,0.14546585083007812
first_improvement_eval,create_multi_change_neighbors,122194.85768718833,8,10000000,20,0.45098328590393066
first_improvement_eval,create_multi_change_neighbors,123209.79233233961,16,10000000,20,1.9343712329864502
first_improvement_eval,create_multi_change_neighbors,123426.52403148504,32,10000000,20,6.336688041687012
first_improvement_eval,create_multi_change_neighbors,123765.46576865469,64,10000000,20,21.918264150619507
first_improvement_eval,create_multi_change_neighbors,121965.8792226581,2,10000000,40,0.03815793991088867
first_improvement_eval,create_multi_change_neighbors,122558.6572623982,4,10000000,40,0.17610502243041992
first_improvement_eval,create_multi_change_neighbors,122729.69832858797,8,10000000,40,0.46703600883483887
first_improvement_eval,create_multi_change_neighbors,122566.36127037132,16,10000000,40,0.7423248291015625
first_improvement_eval,create_multi_change_neighbors,123297.98636168647,32,10000000,40,2.8141629695892334
first_improvement_eval,create_multi_change_neighbors,123129.09205160473,64,10000000,40,5.640789031982422
first_improvement_eval,create_multi_change_neighbors,122237.174707026,2,10000000,60,0.030761003494262695
first_improvement_eval,create_multi_change_neighbors,122214.5338724461,4,10000000,60,0.08485817909240723
first_improvement_eval,create_multi_change_neighbors,121833.87080149975,8,10000000,60,0.06946277618408203
first_improvement_eval,create_multi_change_neighbors,122321.43131765405,16,10000000,60,0.5009419918060303
first_improvement_eval,create_multi_change_neighbors,122575.65840635599,32,10000000,60,1.239346981048584
first_improvement_eval,create_multi_change_neighbors,122838.84290835565,64,10000000,60,2.714498996734619
first_improvement_eval,create_multi_change_neighbors,121803.18388025895,2,10000000,80,0.02303600311279297
first_improvement_eval,create_multi_change_neighbors,122399.55736977162,4,10000000,80,0.0691671371459961
first_improvement_eval,create_multi_change_neighbors,121946.77780487266,8,10000000,80,0.13081693649291992
first_improvement_eval,create_multi_change_neighbors,123299.12477290687,16,10000000,80,0.8697538375854492
first_improvement_eval,create_multi_change_neighbors,123281.38344374346,32,10000000,80,1.6090970039367676
first_improvement_eval,create_multi_change_neighbors,123345.49498907864,64,10000000,80,4.653958082199097
first_improvement_eval,create_multi_change_neighbors,121827.61087431178,2,10000000,100,0.02312779426574707
first_improvement_eval,create_multi_change_neighbors,123103.1785176674,4,10000000,100,0.11526226997375488
first_improvement_eval,create_multi_change_neighbors,122766.80840464967,8,10000000,100,0.09989714622497559
first_improvement_eval,create_multi_change_neighbors,122825.07144551199,16,10000000,100,0.4992868900299072
first_improvement_eval,create_multi_change_neighbors,123541.30075210906,32,10000000,100,1.6066198348999023
first_improvement_eval,create_multi_change_neighbors,123707.19963508149,64,10000000,100,4.946747064590454
greedy_selection_eval,create_multi_change_neighbors,121836.2726318578,2,10000,10,0.03099799156188965
greedy_selection_eval,create_multi_change_neighbors,122141.86585223106,4,10000,10,0.16173791885375977
greedy_selection_eval,create_multi_change_neighbors,122115.56845959915,8,10000,10,0.289776086807251
greedy_selection_eval,create_multi_change_neighbors,123668.75750177358,16,10000,10,5.9557130336761475
greedy_selection_eval,create_multi_change_neighbors,123606.77347699263,32,10000,10,9.199787139892578
greedy_selection_eval,create_multi_change_neighbors,123664.1179596956,64,10000,10,16.00774312019348
greedy_selection_eval,create_multi_change_neighbors,121807.07152033046,2,10000,20,0.023015975952148438
greedy_selection_eval,create_multi_change_neighbors,122168.16052815966,4,10000,20,0.09963631629943848
greedy_selection_eval,create_multi_change_neighbors,122857.90888347478,8,10000,20,0.4663569927215576
greedy_selection_eval,create_multi_change_neighbors,123331.12178681022,16,10000,20,1.6593890190124512
greedy_selection_eval,create_multi_change_neighbors,123648.50159127833,32,10000,20,4.948575973510742
greedy_selection_eval,create_multi_change_neighbors,123761.91351664808,64,10000,20,11.842471361160278
greedy_selection_eval,create_multi_change_neighbors,122144.81801808215,2,10000,40,0.03094005584716797
greedy_selection_eval,create_multi_change_neighbors,122291.12711812474,4,10000,40,0.10030269622802734
greedy_selection_eval,create_multi_change_neighbors,122018.90713123746,8,10000,40,0.06936240196228027
greedy_selection_eval,create_multi_change_neighbors,122999.67037809496,16,10000,40,0.868459939956665
greedy_selection_eval,create_multi_change_neighbors,123271.64786139892,32,10000,40,1.968768835067749
greedy_selection_eval,create_multi_change_neighbors,123242.60383385193,64,10000,40,3.4343600273132324
greedy_selection_eval,create_multi_change_neighbors,121782.65765252206,2,10000,60,0.015395879745483398
greedy_selection_eval,create_multi_change_neighbors,122702.4123650258,4,10000,60,0.11507511138916016
greedy_selection_eval,create_multi_change_neighbors,122778.41328791116,8,10000,60,0.2872319221496582
greedy_selection_eval,create_multi_change_neighbors,122339.92664511835,16,10000,60,0.25417399406433105
greedy_selection_eval,create_multi_change_neighbors,122563.53589956647,32,10000,60,0.4995748996734619
greedy_selection_eval,create_multi_change_neighbors,122894.4467192242,64,10000,60,2.477666139602661
greedy_selection_eval,create_multi_change_neighbors,121854.06454557591,2,10000,80,0.0231931209564209
greedy_selection_eval,create_multi_change_neighbors,122095.2918681553,4,10000,80,0.03849005699157715
greedy_selection_eval,create_multi_change_neighbors,122292.61965602741,8,10000,80,0.13043594360351562
greedy_selection_eval,create_multi_change_neighbors,123103.72710063617,16,10000,80,0.3751060962677002
greedy_selection_eval,create_multi_change_neighbors,123327.80729457455,32,10000,80,1.4805991649627686
greedy_selection_eval,create_multi_change_neighbors,123026.2623959094,64,10000,80,1.4801857471466064
greedy_selection_eval,create_multi_change_neighbors,121782.65765252206,2,10000,100,0.01532888412475586
greedy_selection_eval,create_multi_change_neighbors,121782.65765252206,4,10000,100,0.022947072982788086
greedy_selection_eval,create_multi_change_neighbors,123523.43235417278,8,10000,100,0.2857198715209961
greedy_selection_eval,create_multi_change_neighbors,123665.6434450975,16,10000,100,0.7487492561340332
greedy_selection_eval,create_multi_change_neighbors,123312.1341155118,32,10000,100,0.8686270713806152
greedy_selection_eval,create_multi_change_neighbors,123787.39999843219,64,10000,100,3.4657959938049316
greedy_selection_eval,create_multi_change_neighbors,121898.9797358768,2,100000,10,0.03050398826599121
greedy_selection_eval,create_multi_change_neighbors,122042.42469345535,4,100000,10,0.1337738037109375
greedy_selection_eval,create_multi_change_neighbors,123165.73637363459,8,100000,10,1.5491540431976318
greedy_selection_eval,create_multi_change_neighbors,123596.69645668638,16,100000,10,4.658062934875488
greedy_selection_eval,create_multi_change_neighbors,123594.59998510854,32,100000,10,8.682713270187378
greedy_selection_eval,create_multi_change_neighbors,123753.33842604271,64,100000,10,22.43292999267578
greedy_selection_eval,create_multi_change_neighbors,122031.77552322549,2,100000,20,0.02300405502319336
greedy_selection_eval,create_multi_change_neighbors,121958.76733593481,4,100000,20,0.06905293464660645
greedy_selection_eval,create_multi_change_neighbors,122198.47677416266,8,100000,20,0.13047099113464355
greedy_selection_eval,create_multi_change_neighbors,123198.83658394271,16,100000,20,1.0505170822143555
greedy_selection_eval,create_multi_change_neighbors,123770.1104813598,32,100000,20,7.476751089096069
greedy_selection_eval,create_multi_change_neighbors,123806.43848985611,64,100000,20,14.059758186340332
greedy_selection_eval,create_multi_change_neighbors,121782.65765252206,2,100000,40,0.015261173248291016
greedy_selection_eval,create_multi_change_neighbors,122018.90713123746,4,100000,40,0.03832197189331055
greedy_selection_eval,create_multi_change_neighbors,122936.35678295518,8,100000,40,0.2812800407409668
greedy_selection_eval,create_multi_change_neighbors,122722.68215756805,16,100000,40,0.49672508239746094
greedy_selection_eval,create_multi_change_neighbors,123281.61527845857,32,100000,40,1.9638631343841553
greedy_selection_eval,create_multi_change_neighbors,123194.24445982145,64,100000,40,2.451143980026245
greedy_selection_eval,create_multi_change_neighbors,121782.65765252206,2,100000,60,0.015403032302856445
greedy_selection_eval,create_multi_change_neighbors,122401.3056545264,4,100000,60,0.08461499214172363
greedy_selection_eval,create_multi_change_neighbors,121782.65765252206,8,100000,60,0.03805375099182129
greedy_selection_eval,create_multi_change_neighbors,122728.34606014505,16,100000,60,0.37373900413513184
greedy_selection_eval,create_multi_change_neighbors,122685.07136253649,32,100000,60,0.6175539493560791
greedy_selection_eval,create_multi_change_neighbors,122885.80563226764,64,100000,60,1.9622550010681152
greedy_selection_eval,create_multi_change_neighbors,121934.35155858494,2,100000,80,0.030556917190551758
greedy_selection_eval,create_multi_change_neighbors,121782.65765252206,4,100000,80,0.023005962371826172
greedy_selection_eval,create_multi_change_neighbors,122625.17021651895,8,100000,80,0.09893608093261719
greedy_selection_eval,create_multi_change_neighbors,122424.9978458182,16,100000,80,0.19069695472717285
greedy_selection_eval,create_multi_change_neighbors,122957.01503165055,32,100000,80,0.7426879405975342
greedy_selection_eval,create_multi_change_neighbors,123273.53845890892,64,100000,80,1.9769539833068848
greedy_selection_eval,create_multi_change_neighbors,122254.97512547566,2,100000,100,0.03058004379272461
greedy_selection_eval,create_multi_change_neighbors,122435.53578681352,4,100000,100,0.06840896606445312
greedy_selection_eval,create_multi_change_neighbors,123463.85117729197,8,100000,100,0.3166370391845703
greedy_selection_eval,create_multi_change_neighbors,123537.92627293424,16,100000,100,0.6176838874816895
greedy_selection_eval,create_multi_change_neighbors,123543.07799825832,32,100000,100,1.2272751331329346
greedy_selection_eval,create_multi_change_neighbors,123787.39999843219,64,100000,100,2.6839358806610107
greedy_selection_eval,create_multi_change_neighbors,121925.3466060552,2,1000000,10,0.05361366271972656
greedy_selection_eval,create_multi_change_neighbors,122815.93680437702,4,1000000,10,0.5764467716217041
greedy_selection_eval,create_multi_change_neighbors,122561.62505763503,8,1000000,10,0.7097771167755127
greedy_selection_eval,create_multi_change_neighbors,123290.04801587701,16,1000000,10,2.7618420124053955
greedy_selection_eval,create_multi_change_neighbors,123577.33814772844,32,1000000,10,7.702865839004517
greedy_selection_eval,create_multi_change_neighbors,123835.00473397542,64,1000000,10,28.84335994720459
greedy_selection_eval,create_multi_change_neighbors,121944.33422199915,2,1000000,20,0.03952288627624512
greedy_selection_eval,create_multi_change_neighbors,122176.58198100254,4,1000000,20,0.10217499732971191
greedy_selection_eval,create_multi_change_neighbors,122737.21563044382,8,1000000,20,0.3437073230743408
greedy_selection_eval,create_multi_change_neighbors,123676.77658169181,16,1000000,20,2.89294171333313
greedy_selection_eval,create_multi_change_neighbors,123220.4821157803,32,1000000,20,2.101416826248169
greedy_selection_eval,create_multi_change_neighbors,123855.33489216509,64,1000000,20,14.864221811294556
greedy_selection_eval,create_multi_change_neighbors,121972.65182911082,2,1000000,40,0.02312493324279785
greedy_selection_eval,create_multi_change_neighbors,122807.41435112251,4,1000000,40,0.16227293014526367
greedy_selection_eval,create_multi_change_neighbors,122014.07954971126,8,1000000,40,0.10050702095031738
greedy_selection_eval,create_multi_change_neighbors,123039.72300074382,16,1000000,40,0.7475590705871582
greedy_selection_eval,create_multi_change_neighbors,122883.49815405814,32,1000000,40,1.1144115924835205
greedy_selection_eval,create_multi_change_neighbors,123074.7507018146,64,1000000,40,2.7184560298919678
greedy_selection_eval,create_multi_change_neighbors,121782.65765252206,2,1000000,60,0.015376806259155273
greedy_selection_eval,create_multi_change_neighbors,121799.16114911895,4,1000000,60,0.03841209411621094
greedy_selection_eval,create_multi_change_neighbors,122105.00692629722,8,1000000,60,0.09971404075622559
greedy_selection_eval,create_multi_change_neighbors,122492.77575293068,16,1000000,60,0.3149089813232422
greedy_selection_eval,create_multi_change_neighbors,122691.41573601507,32,1000000,60,0.988720178604126
greedy_selection_eval,create_multi_change_neighbors,122932.69050171343,64,1000000,60,2.0072760581970215
greedy_selection_eval,create_multi_change_neighbors,121782.65765252206,2,1000000,80,0.015410900115966797
greedy_selection_eval,create_multi_change_neighbors,122058.45472166006,4,1000000,80,0.03846406936645508
greedy_selection_eval,create_multi_change_neighbors,122757.61723968419,8,1000000,80,0.1308751106262207
greedy_selection_eval,create_multi_change_neighbors,122634.2460899735,16,1000000,80,0.25373077392578125
greedy_selection_eval,create_multi_change_neighbors,123252.7545567336,32,1000000,80,1.6043691635131836
greedy_selection_eval,create_multi_change_neighbors,122975.55764462455,64,1000000,80,1.7568111419677734
greedy_selection_eval,create_multi_change_neighbors,121782.65765252206,2,1000000,100,0.015333890914916992
greedy_selection_eval,create_multi_change_neighbors,122837.67442215537,4,1000000,100,0.0689699649810791
greedy_selection_eval,create_multi_change_neighbors,122159.5941717946,8,1000000,100,0.10098671913146973
greedy_selection_eval,create_multi_change_neighbors,123461.42162659824,16,1000000,100,0.4397549629211426
greedy_selection_eval,create_multi_change_neighbors,123787.39999843219,32,1000000,100,2.0826570987701416
greedy_selection_eval,create_multi_change_neighbors,123747.29981675671,64,1000000,100,3.204477071762085
greedy_selection_eval,create_multi_change_neighbors,121884.88267096951,2,10000000,10,0.030405759811401367
greedy_selection_eval,create_multi_change_neighbors,122017.29301706488,4,10000000,10,0.1145012378692627
greedy_selection_eval,create_multi_change_neighbors,123468.05669184332,8,10000000,10,2.204399824142456
greedy_selection_eval,create_multi_change_neighbors,123566.20274187202,16,10000000,10,5.08878493309021
greedy_selection_eval,create_multi_change_neighbors,123637.45700337066,32,10000000,10,9.765515089035034
greedy_selection_eval,create_multi_change_neighbors,123757.33029978912,64,10000000,10,22.67671823501587
greedy_selection_eval,create_multi_change_neighbors,121962.25674298988,2,10000000,20,0.03215670585632324
greedy_selection_eval,create_multi_change_neighbors,122952.31035143814,4,10000000,20,0.38049888610839844
greedy_selection_eval,create_multi_change_neighbors,123402.01514710729,8,10000000,20,1.0237157344818115
greedy_selection_eval,create_multi_change_neighbors,123464.93352670516,16,10000000,20,2.327008008956909
greedy_selection_eval,create_multi_change_neighbors,123374.83364438527,32,10000000,20,3.083718776702881
greedy_selection_eval,create_multi_change_neighbors,123879.7310819928,64,10000000,20,15.803950071334839
greedy_selection_eval,create_multi_change_neighbors,121866.01519888658,2,10000000,40,0.02293872833251953
greedy_selection_eval,create_multi_change_neighbors,122365.7186855337,4,10000000,40,0.12961721420288086
greedy_selection_eval,create_multi_change_neighbors,122010.21854523689,8,10000000,40,0.06876707077026367
greedy_selection_eval,create_multi_change_neighbors,123040.30473234938,16,10000000,40,0.7439429759979248
greedy_selection_eval,create_multi_change_neighbors,123037.76144480408,32,10000000,40,1.2348089218139648
greedy_selection_eval,create_multi_change_neighbors,123288.88972414668,64,10000000,40,3.7182130813598633
greedy_selection_eval,create_multi_change_neighbors,121920.43878369202,2,10000000,60,0.030872821807861328
greedy_selection_eval,create_multi_change_neighbors,121782.65765252206,4,10000000,60,0.023458003997802734
greedy_selection_eval,create_multi_change_neighbors,122703.50043669817,8,10000000,60,0.15996789932250977
greedy_selection_eval,create_multi_change_neighbors,122703.50043669817,16,10000000,60,0.37355709075927734
greedy_selection_eval,create_multi_change_neighbors,122649.15125561299,32,10000000,60,0.6162800788879395
greedy_selection_eval,create_multi_change_neighbors,122933.4384612307,64,10000000,60,1.9731519222259521
greedy_selection_eval,create_multi_change_neighbors,122116.51991363504,2,10000000,80,0.02300429344177246
greedy_selection_eval,create_multi_change_neighbors,121782.65765252206,4,10000000,80,0.023030757904052734
greedy_selection_eval,create_multi_change_neighbors,122311.13576716426,8,10000000,80,0.16060900688171387
greedy_selection_eval,create_multi_change_neighbors,122982.20421864823,16,10000000,80,0.37244200706481934
greedy_selection_eval,create_multi_change_neighbors,123198.28244851944,32,10000000,80,0.8731107711791992
greedy_selection_eval,create_multi_change_neighbors,123238.2371678119,64,10000000,80,2.6994969844818115
greedy_selection_eval,create_multi_change_neighbors,121782.65765252206,2,10000000,100,0.01529693603515625
greedy_selection_eval,create_multi_change_neighbors,122383.6828691369,4,10000000,100,0.05377817153930664
greedy_selection_eval,create_multi_change_neighbors,122200.59956438409,8,10000000,100,0.06932497024536133
greedy_selection_eval,create_multi_change_neighbors,122852.34003872951,16,10000000,100,0.3781778812408447
greedy_selection_eval,create_multi_change_neighbors,123603.63271752422,32,10000000,100,1.1168770790100098
greedy_selection_eval,create_multi_change_neighbors,123623.27836160896,64,10000000,100,2.247553825378418
stochastic_selection_eval,create_multi_change_neighbors,121945.23062917004,2,10000,10,0.0690000057220459
stochastic_selection_eval,create_multi_change_neighbors,121935.16333360902,4,10000,10,0.08419084548950195
stochastic_selection_eval,create_multi_change_neighbors,122422.6750209711,8,10000,10,0.8977861404418945
stochastic_selection_eval,create_multi_change_neighbors,123334.62178240989,16,10000,10,4.754832983016968
stochastic_selection_eval,create_multi_change_neighbors,123696.64358529517,32,10000,10,19.08795189857483
stochastic_selection_eval,create_multi_change_neighbors,123718.92233422058,64,10000,10,38.77103877067566
stochastic_selection_eval,create_multi_change_neighbors,121849.21074741858,2,10000,20,0.031199932098388672
stochastic_selection_eval,create_multi_change_neighbors,122087.00377897304,4,10000,20,0.08511495590209961
stochastic_selection_eval,create_multi_change_neighbors,122163.35712874406,8,10000,20,0.19201111793518066
stochastic_selection_eval,create_multi_change_neighbors,122677.7588042529,16,10000,20,1.2763500213623047
stochastic_selection_eval,create_multi_change_neighbors,123765.94709756794,32,10000,20,11.732542037963867
stochastic_selection_eval,create_multi_change_neighbors,123729.36454884271,64,10000,20,25.453604698181152
stochastic_selection_eval,create_multi_change_neighbors,121782.65765252206,2,10000,40,0.01516413688659668
stochastic_selection_eval,create_multi_change_neighbors,121824.47543768746,4,10000,40,0.03786802291870117
stochastic_selection_eval,create_multi_change_neighbors,122666.32992798355,8,10000,40,0.31356287002563477
stochastic_selection_eval,create_multi_change_neighbors,123144.8527800993,16,10000,40,1.1731040477752686
stochastic_selection_eval,create_multi_change_neighbors,123024.52425307728,32,10000,40,2.858975887298584
stochastic_selection_eval,create_multi_change_neighbors,123162.73187518449,64,10000,40,7.620352029800415
stochastic_selection_eval,create_multi_change_neighbors,121872.52739953923,2,10000,60,0.023169994354248047
stochastic_selection_eval,create_multi_change_neighbors,121907.67209883298,4,10000,60,0.03850698471069336
stochastic_selection_eval,create_multi_change_neighbors,122636.65126604785,8,10000,60,0.19147992134094238
stochastic_selection_eval,create_multi_change_neighbors,122826.75820767262,16,10000,60,0.434481143951416
stochastic_selection_eval,create_multi_change_neighbors,122936.87907500978,32,10000,60,1.3542098999023438
stochastic_selection_eval,create_multi_change_neighbors,122763.89418842335,64,10000,60,2.216721773147583
stochastic_selection_eval,create_multi_change_neighbors,121782.65765252206,2,10000,80,0.015325069427490234
stochastic_selection_eval,create_multi_change_neighbors,121883.4828273234,4,10000,80,0.03839516639709473
stochastic_selection_eval,create_multi_change_neighbors,122304.67405440116,8,10000,80,0.22233819961547852
stochastic_selection_eval,create_multi_change_neighbors,123060.52719004673,16,10000,80,0.5664677619934082
stochastic_selection_eval,create_multi_change_neighbors,122962.46304191973,32,10000,80,0.8671228885650635
stochastic_selection_eval,create_multi_change_neighbors,123345.49498907864,64,10000,80,4.692869186401367
stochastic_selection_eval,create_multi_change_neighbors,121782.65765252206,2,10000,100,0.01537775993347168
stochastic_selection_eval,create_multi_change_neighbors,122031.85360720506,4,10000,100,0.03852391242980957
stochastic_selection_eval,create_multi_change_neighbors,122445.54618961102,8,10000,100,0.16172218322753906
stochastic_selection_eval,create_multi_change_neighbors,123296.48410685385,16,10000,100,0.5594379901885986
stochastic_selection_eval,create_multi_change_neighbors,123765.48945253406,32,10000,100,1.852466106414795
stochastic_selection_eval,create_multi_change_neighbors,123586.89909005421,64,10000,100,3.955409049987793
stochastic_selection_eval,create_multi_change_neighbors,121782.65765252206,2,100000,10,0.015408754348754883
stochastic_selection_eval,create_multi_change_neighbors,121968.97942228583,4,100000,10,0.09983706474304199
stochastic_selection_eval,create_multi_change_neighbors,122106.95690606462,8,100000,10,0.5006451606750488
stochastic_selection_eval,create_multi_change_neighbors,123549.23717508881,16,100000,10,5.874679088592529
stochastic_selection_eval,create_multi_change_neighbors,123672.78532779636,32,100000,10,18.48593521118164
stochastic_selection_eval,create_multi_change_neighbors,123787.1213067269,64,100000,10,46.05095410346985
stochastic_selection_eval,create_multi_change_neighbors,121860.6730343166,2,100000,20,0.030673742294311523
stochastic_selection_eval,create_multi_change_neighbors,122450.35405152653,4,100000,20,0.20731472969055176
stochastic_selection_eval,create_multi_change_neighbors,123371.22642283412,8,100000,20,1.2611069679260254
stochastic_selection_eval,create_multi_change_neighbors,123619.14105083313,16,100000,20,3.835736036300659
stochastic_selection_eval,create_multi_change_neighbors,123550.09703422833,32,100000,20,7.807740926742554
stochastic_selection_eval,create_multi_change_neighbors,123737.0429402364,64,100000,20,19.756804943084717
stochastic_selection_eval,create_multi_change_neighbors,121841.08939029452,2,100000,40,0.022958993911743164
stochastic_selection_eval,create_multi_change_neighbors,122128.65890866164,4,100000,40,0.06873798370361328
stochastic_selection_eval,create_multi_change_neighbors,122167.57900586998,8,100000,40,0.2007739543914795
stochastic_selection_eval,create_multi_change_neighbors,123036.5227300833,16,100000,40,1.0822880268096924
stochastic_selection_eval,create_multi_change_neighbors,123185.46773162157,32,100000,40,3.034698009490967
stochastic_selection_eval,create_multi_change_neighbors,123159.57233055058,64,100000,40,6.620635032653809
stochastic_selection_eval,create_multi_change_neighbors,121782.65765252206,2,100000,60,0.015308856964111328
stochastic_selection_eval,create_multi_change_neighbors,121909.46267275614,4,100000,60,0.03817105293273926
stochastic_selection_eval,create_multi_change_neighbors,122069.5538049127,8,100000,60,0.09917688369750977
stochastic_selection_eval,create_multi_change_neighbors,122813.9614161901,16,100000,60,0.496859073638916
stochastic_selection_eval,create_multi_change_neighbors,122947.58157984322,32,100000,60,1.4762799739837646
stochastic_selection_eval,create_multi_change_neighbors,122946.83362032661,64,100000,60,3.4341928958892822
stochastic_selection_eval,create_multi_change_neighbors,121933.61236484844,2,100000,80,0.02322101593017578
stochastic_selection_eval,create_multi_change_neighbors,122117.3704314256,4,100000,80,0.054106950759887695
stochastic_selection_eval,create_multi_change_neighbors,122049.43023831554,8,100000,80,0.10070300102233887
stochastic_selection_eval,create_multi_change_neighbors,123106.89740621773,16,100000,80,0.7493441104888916
stochastic_selection_eval,create_multi_change_neighbors,123302.29507848853,32,100000,80,1.1066350936889648
stochastic_selection_eval,create_multi_change_neighbors,123086.03940613267,64,100000,80,2.204714059829712
stochastic_selection_eval,create_multi_change_neighbors,121782.65765252206,2,100000,100,0.015433788299560547
stochastic_selection_eval,create_multi_change_neighbors,122747.02745002988,4,100000,100,0.09991598129272461
stochastic_selection_eval,create_multi_change_neighbors,122500.3402257379,8,100000,100,0.16157007217407227
stochastic_selection_eval,create_multi_change_neighbors,123049.51090768164,16,100000,100,0.623319149017334
stochastic_selection_eval,create_multi_change_neighbors,123564.98854415627,32,100000,100,2.0933279991149902
stochastic_selection_eval,create_multi_change_neighbors,123747.29981675671,64,100000,100,5.253962993621826
stochastic_selection_eval,create_multi_change_neighbors,121966.54870508554,2,1000000,10,0.061266183853149414
stochastic_selection_eval,create_multi_change_neighbors,122028.7589645619,4,1000000,10,0.11516714096069336
stochastic_selection_eval,create_multi_change_neighbors,123359.37997860843,8,1000000,10,2.1522979736328125
stochastic_selection_eval,create_multi_change_neighbors,123496.99212274954,16,1000000,10,6.187736988067627
stochastic_selection_eval,create_multi_change_neighbors,123704.57459746154,32,1000000,10,23.48363709449768
stochastic_selection_eval,create_multi_change_neighbors,123779.68990954474,64,1000000,10,45.47132682800293
stochastic_selection_eval,create_multi_change_neighbors,121782.65765252206,2,1000000,20,0.015254020690917969
stochastic_selection_eval,create_multi_change_neighbors,122121.73926928497,4,1000000,20,0.09977388381958008
stochastic_selection_eval,create_multi_change_neighbors,122446.90629853506,8,1000000,20,0.4416670799255371
stochastic_selection_eval,create_multi_change_neighbors,123349.14399585799,16,1000000,20,2.5735132694244385
stochastic_selection_eval,create_multi_change_neighbors,123434.96914065376,32,1000000,20,6.003767013549805
stochastic_selection_eval,create_multi_change_neighbors,123782.19711511099,64,1000000,20,22.04788899421692
stochastic_selection_eval,create_multi_change_neighbors,121782.65765252206,2,1000000,40,0.015355110168457031
stochastic_selection_eval,create_multi_change_neighbors,122305.48980995009,4,1000000,40,0.06891798973083496
stochastic_selection_eval,create_multi_change_neighbors,122047.5291437974,8,1000000,40,0.09987092018127441
stochastic_selection_eval,create_multi_change_neighbors,123038.88823172962,16,1000000,40,0.8701300621032715
stochastic_selection_eval,create_multi_change_neighbors,122840.38205234017,32,1000000,40,2.2339980602264404
stochastic_selection_eval,create_multi_change_neighbors,123282.02809651429,64,1000000,40,7.390963077545166
stochastic_selection_eval,create_multi_change_neighbors,121920.43878369202,2,1000000,60,0.03087615966796875
stochastic_selection_eval,create_multi_change_neighbors,122035.95192830735,4,1000000,60,0.05388689041137695
stochastic_selection_eval,create_multi_change_neighbors,122506.4020301912,8,1000000,60,0.19231319427490234
stochastic_selection_eval,create_multi_change_neighbors,121833.87080149975,16,1000000,60,0.13075780868530273
stochastic_selection_eval,create_multi_change_neighbors,122568.18336146303,32,1000000,60,0.6230568885803223
stochastic_selection_eval,create_multi_change_neighbors,123007.97533156982,64,1000000,60,3.498284101486206
stochastic_selection_eval,create_multi_change_neighbors,121782.65765252206,2,1000000,80,0.015388011932373047
stochastic_selection_eval,create_multi_change_neighbors,122125.00734320855,4,1000000,80,0.06906700134277344
stochastic_selection_eval,create_multi_change_neighbors,122408.35798986723,8,1000000,80,0.1610870361328125
stochastic_selection_eval,create_multi_change_neighbors,122630.35903980996,16,1000000,80,0.2535209655761719
stochastic_selection_eval,create_multi_change_neighbors,123142.32642988565,32,1000000,80,1.4667198657989502
stochastic_selection_eval,create_multi_change_neighbors,122991.94396711464,64,1000000,80,1.7249300479888916
stochastic_selection_eval,create_multi_change_neighbors,122041.43092775595,2,1000000,100,0.02314901351928711
stochastic_selection_eval,create_multi_change_neighbors,122147.19528432727,4,1000000,100,0.038414955139160156
stochastic_selection_eval,create_multi_change_neighbors,123477.85691040063,8,1000000,100,0.3768150806427002
stochastic_selection_eval,create_multi_change_neighbors,123583.178179934,16,1000000,100,0.9955320358276367
stochastic_selection_eval,create_multi_change_neighbors,122990.75698966923,32,1000000,100,0.9947679042816162
stochastic_selection_eval,create_multi_change_neighbors,123481.06727068413,64,1000000,100,3.4690451622009277
stochastic_selection_eval,create_multi_change_neighbors,121993.85816010209,2,10000000,10,0.06994414329528809
stochastic_selection_eval,create_multi_change_neighbors,122689.17600606414,4,10000000,10,0.5527529716491699
stochastic_selection_eval,create_multi_change_neighbors,122792.48435507757,8,10000000,10,1.5342330932617188
stochastic_selection_eval,create_multi_change_neighbors,123494.83330792132,16,10000000,10,6.801336050033569
stochastic_selection_eval,create_multi_change_neighbors,123637.88249390885,32,10000000,10,17.809249877929688
stochastic_selection_eval,create_multi_change_neighbors,123811.73127531203,64,10000000,10,48.3761088848114
stochastic_selection_eval,create_multi_change_neighbors,122000.4841138255,2,10000000,20,0.038133859634399414
stochastic_selection_eval,create_multi_change_neighbors,121925.6539677658,4,10000000,20,0.053236961364746094
stochastic_selection_eval,create_multi_change_neighbors,122734.39743529608,8,10000000,20,0.7622051239013672
stochastic_selection_eval,create_multi_change_neighbors,123610.92303556757,16,10000000,20,4.29361629486084
stochastic_selection_eval,create_multi_change_neighbors,123658.08554074151,32,10000000,20,8.966429948806763
stochastic_selection_eval,create_multi_change_neighbors,123790.04940137557,64,10000000,20,22.788310050964355
stochastic_selection_eval,create_multi_change_neighbors,122165.1613776591,2,10000000,40,0.0384061336517334
stochastic_selection_eval,create_multi_change_neighbors,121782.65765252206,4,10000000,40,0.02308797836303711
stochastic_selection_eval,create_multi_change_neighbors,122164.71750075332,8,10000000,40,0.22954511642456055
stochastic_selection_eval,create_multi_change_neighbors,122835.30256265441,16,10000000,40,0.7353837490081787
stochastic_selection_eval,create_multi_change_neighbors,123168.53431952129,32,10000000,40,2.6283681392669678
stochastic_selection_eval,create_multi_change_neighbors,123136.97685202821,64,10000000,40,5.228921890258789
stochastic_selection_eval,create_multi_change_neighbors,121895.30142379494,2,10000000,60,0.030731916427612305
stochastic_selection_eval,create_multi_change_neighbors,122022.64476019068,4,10000000,60,0.05364680290222168
stochastic_selection_eval,create_multi_change_neighbors,122190.10701643457,8,10000000,60,0.09988617897033691
stochastic_selection_eval,create_multi_change_neighbors,122668.21056387674,16,10000000,60,0.6812658309936523
stochastic_selection_eval,create_multi_change_neighbors,122679.96527166464,32,10000000,60,1.1164779663085938
stochastic_selection_eval,create_multi_change_neighbors,122956.18979802923,64,10000000,60,2.7548341751098633
stochastic_selection_eval,create_multi_change_neighbors,122116.51991363504,2,10000000,80,0.023263931274414062
stochastic_selection_eval,create_multi_change_neighbors,122331.5686255634,4,10000000,80,0.10092782974243164
stochastic_selection_eval,create_multi_change_neighbors,122369.53821352083,8,10000000,80,0.16341614723205566
stochastic_selection_eval,create_multi_change_neighbors,122749.47175800546,16,10000000,80,0.49800610542297363
stochastic_selection_eval,create_multi_change_neighbors,122818.02885448677,32,10000000,80,1.1322500705718994
stochastic_selection_eval,create_multi_change_neighbors,123145.09551621357,64,10000000,80,3.18605899810791
stochastic_selection_eval,create_multi_change_neighbors,122174.66774447245,2,10000000,100,0.023109912872314453
stochastic_selection_eval,create_multi_change_neighbors,121843.77315804244,4,10000000,100,0.03829383850097656
stochastic_selection_eval,create_multi_change_neighbors,123125.04488819641,8,10000000,100,0.16083979606628418
stochastic_selection_eval,create_multi_change_neighbors,123707.26520398389,16,10000000,100,1.536499261856079
stochastic_selection_eval,create_multi_change_neighbors,123645.1889075081,32,10000000,100,1.35689115524292
stochastic_selection_eval,create_multi_change_neighbors,123623.27836160896,64,10000000,100,3.4600586891174316
first_improvement_eval,create_one_change_neighbors,121804.25389965416,2,10000,10,0.039958953857421875
first_improvement_eval,create_one_change_neighbors,121912.40590517524,4,10000,10,0.17632365226745605
first_improvement_eval,create_one_change_neighbors,121904.30622649737,8,10000,10,0.1609499454498291
first_improvement_eval,create_one_change_neighbors,123443.72352709124,16,10000,10,6.910693168640137
first_improvement_eval,create_one_change_neighbors,123664.30429117585,32,10000,10,23.706230640411377
first_improvement_eval,create_one_change_neighbors,123745.3546785528,64,10000,10,53.8207368850708
first_improvement_eval,create_one_change_neighbors,122014.56869130737,2,10000,20,0.03073883056640625
first_improvement_eval,create_one_change_neighbors,122069.38170469753,4,10000,20,0.11534404754638672
first_improvement_eval,create_one_change_neighbors,122973.10682416116,8,10000,20,0.9034378528594971
first_improvement_eval,create_one_change_neighbors,123448.07538563873,16,10000,20,3.6821932792663574
first_improvement_eval,create_one_change_neighbors,123442.24698960563,32,10000,20,7.858468770980835
first_improvement_eval,create_one_change_neighbors,123709.08755607215,64,10000,20,26.774276733398438
first_improvement_eval,create_one_change_neighbors,121998.67524963162,2,10000,40,0.03811287879943848
first_improvement_eval,create_one_change_neighbors,122248.82813835752,4,10000,40,0.10001015663146973
first_improvement_eval,create_one_change_neighbors,122796.64568987893,8,10000,40,0.4982259273529053
first_improvement_eval,create_one_change_neighbors,122627.32507787179,16,10000,40,0.8928942680358887
first_improvement_eval,create_one_change_neighbors,123098.1809493516,32,10000,40,2.462623119354248
first_improvement_eval,create_one_change_neighbors,123024.92819878261,64,10000,40,5.555850028991699
first_improvement_eval,create_one_change_neighbors,122062.98529847144,2,10000,60,0.02295708656311035
first_improvement_eval,create_one_change_neighbors,121833.87080149975,4,10000,60,0.0382840633392334
first_improvement_eval,create_one_change_neighbors,122079.65749637363,8,10000,60,0.06873393058776855
first_improvement_eval,create_one_change_neighbors,122081.59606672089,16,10000,60,0.2599499225616455
first_improvement_eval,create_one_change_neighbors,122492.59875379519,32,10000,60,0.7513391971588135
first_improvement_eval,create_one_change_neighbors,121847.17796961548,64,10000,60,0.4971609115600586
first_improvement_eval,create_one_change_neighbors,121838.57087850623,2,10000,80,0.023010969161987305
first_improvement_eval,create_one_change_neighbors,121883.4828273234,4,10000,80,0.03830289840698242
first_improvement_eval,create_one_change_neighbors,122300.99855224552,8,10000,80,0.13018178939819336
first_improvement_eval,create_one_change_neighbors,121883.4828273234,16,10000,80,0.1310901641845703
first_improvement_eval,create_one_change_neighbors,123459.09342150958,32,10000,80,2.217867136001587
first_improvement_eval,create_one_change_neighbors,123459.09342150958,64,10000,80,4.985488176345825
first_improvement_eval,create_one_change_neighbors,121782.65765252206,2,10000,100,0.015367269515991211
first_improvement_eval,create_one_change_neighbors,122122.17623942258,4,10000,100,0.05338597297668457
first_improvement_eval,create_one_change_neighbors,122490.57700625302,8,10000,100,0.1622481346130371
first_improvement_eval,create_one_change_neighbors,123293.51101559219,16,10000,100,0.7465059757232666
first_improvement_eval,create_one_change_neighbors,123623.27836160896,32,10000,100,2.0935239791870117
first_improvement_eval,create_one_change_neighbors,123626.99927173072,64,10000,100,4.693720817565918
first_improvement_eval,create_one_change_neighbors,121851.76954603879,2,100000,10,0.023205280303955078
first_improvement_eval,create_one_change_neighbors,122134.01103507628,4,100000,10,0.30121898651123047
first_improvement_eval,create_one_change_neighbors,121974.29533066739,8,100000,10,0.4654510021209717
first_improvement_eval,create_one_change_neighbors,123469.05626194719,16,100000,10,7.675604820251465
first_improvement_eval,create_one_change_neighbors,123710.85772589782,32,100000,10,23.692895889282227
first_improvement_eval,create_one_change_neighbors,123733.21733565383,64,100000,10,57.43044877052307
first_improvement_eval,create_one_change_neighbors,121941.56258555248,2,100000,20,0.030539989471435547
first_improvement_eval,create_one_change_neighbors,122707.58481837704,4,100000,20,0.43522000312805176
first_improvement_eval,create_one_change_neighbors,122248.12059148742,8,100000,20,0.3149430751800537
first_improvement_eval,create_one_change_neighbors,123031.25215694812,16,100000,20,2.3805739879608154
first_improvement_eval,create_one_change_neighbors,123418.48943783168,32,100000,20,8.411144971847534
first_improvement_eval,create_one_change_neighbors,123700.94172042556,64,100000,20,23.379287004470825
first_improvement_eval,create_one_change_neighbors,121782.65765252206,2,100000,40,0.015204906463623047
first_improvement_eval,create_one_change_neighbors,122197.25201217722,4,100000,40,0.09994316101074219
first_improvement_eval,create_one_change_neighbors,122816.43220163832,8,100000,40,0.6217467784881592
first_improvement_eval,create_one_change_neighbors,122631.56997426775,16,100000,40,0.8588459491729736
first_improvement_eval,create_one_change_neighbors,123064.54999812254,32,100000,40,2.94783091545105
first_improvement_eval,create_one_change_neighbors,123066.01312712488,64,100000,40,5.930124044418335
first_improvement_eval,create_one_change_neighbors,121782.65765252206,2,100000,60,0.01538705825805664
first_improvement_eval,create_one_change_neighbors,121952.68377483355,4,100000,60,0.03839111328125
first_improvement_eval,create_one_change_neighbors,122079.65749637363,8,100000,60,0.06898212432861328
first_improvement_eval,create_one_change_neighbors,122221.76491261287,16,100000,60,0.25391173362731934
first_improvement_eval,create_one_change_neighbors,122204.78531082383,32,100000,60,0.5002632141113281
first_improvement_eval,create_one_change_neighbors,121849.11653996295,64,100000,60,0.9969761371612549
first_improvement_eval,create_one_change_neighbors,121782.65765252206,2,100000,80,0.015503883361816406
first_improvement_eval,create_one_change_neighbors,122322.4866513401,4,100000,80,0.06882810592651367
first_improvement_eval,create_one_change_neighbors,122116.51991363504,8,100000,80,0.06843709945678711
first_improvement_eval,create_one_change_neighbors,122645.01111028082,16,100000,80,0.6205317974090576
first_improvement_eval,create_one_change_neighbors,122116.51991363504,32,100000,80,0.2533688545227051
first_improvement_eval,create_one_change_neighbors,123345.49498907864,64,100000,80,3.482375144958496
first_improvement_eval,create_one_change_neighbors,121782.65765252206,2,100000,100,0.015359878540039062
first_improvement_eval,create_one_change_neighbors,122031.16920071012,4,100000,100,0.06913614273071289
first_improvement_eval,create_one_change_neighbors,122122.17623942258,8,100000,100,0.09979009628295898
first_improvement_eval,create_one_change_neighbors,123420.73160397369,16,100000,100,0.9842031002044678
first_improvement_eval,create_one_change_neighbors,123725.38927085884,32,100000,100,2.3456411361694336
first_improvement_eval,create_one_change_neighbors,123725.38927085884,64,100000,100,5.147727966308594
first_improvement_eval,create_one_change_neighbors,121894.6888161706,2,1000000,10,0.03876304626464844
first_improvement_eval,create_one_change_neighbors,121932.18959134103,4,1000000,10,0.09969735145568848
first_improvement_eval,create_one_change_neighbors,123142.14994062815,8,1000000,10,2.3417677879333496
first_improvement_eval,create_one_change_neighbors,123401.9653459738,16,1000000,10,7.1857500076293945
first_improvement_eval,create_one_change_neighbors,123537.96693607117,32,1000000,10,16.37869119644165
first_improvement_eval,create_one_change_neighbors,123720.91827109293,64,1000000,10,49.473865270614624
first_improvement_eval,create_one_change_neighbors,121782.65765252206,2,1000000,20,0.015215158462524414
first_improvement_eval,create_one_change_neighbors,122067.81051867799,4,1000000,20,0.11445093154907227
first_improvement_eval,create_one_change_neighbors,122613.3184459614,8,1000000,20,0.7104029655456543
first_improvement_eval,create_one_change_neighbors,123430.14273114076,16,1000000,20,3.937717914581299
first_improvement_eval,create_one_change_neighbors,123377.08766696528,32,1000000,20,7.328885793685913
first_improvement_eval,create_one_change_neighbors,123388.15467456829,64,1000000,20,14.647339105606079
first_improvement_eval,create_one_change_neighbors,121782.65765252206,2,1000000,40,0.015254020690917969
first_improvement_eval,create_one_change_neighbors,122007.1007356014,4,1000000,40,0.06852006912231445
first_improvement_eval,create_one_change_neighbors,122014.7477426335,8,1000000,40,0.1303081512451172
first_improvement_eval,create_one_change_neighbors,122970.6693442262,16,1000000,40,1.1366727352142334
first_improvement_eval,create_one_change_neighbors,123008.96993361192,32,1000000,40,2.7021050453186035
first_improvement_eval,create_one_change_neighbors,123026.39132778425,64,1000000,40,5.382314920425415
first_improvement_eval,create_one_change_neighbors,121907.67209883298,2,1000000,60,0.02277517318725586
first_improvement_eval,create_one_change_neighbors,122094.90323483638,4,1000000,60,0.03793191909790039
first_improvement_eval,create_one_change_neighbors,121907.67209883298,8,1000000,60,0.0685112476348877
first_improvement_eval,create_one_change_neighbors,121907.67209883298,16,1000000,60,0.13065409660339355
first_improvement_eval,create_one_change_neighbors,122111.5754327384,32,1000000,60,0.49590492248535156
first_improvement_eval,create_one_change_neighbors,121939.59003519731,64,1000000,60,1.0132379531860352
first_improvement_eval,create_one_change_neighbors,121782.65765252206,2,1000000,80,0.015317916870117188
first_improvement_eval,create_one_change_neighbors,122138.9201694638,4,1000000,80,0.038442134857177734
first_improvement_eval,create_one_change_neighbors,122127.62600602447,8,1000000,80,0.129957914352417
first_improvement_eval,create_one_change_neighbors,122168.80025262444,16,1000000,80,0.2508730888366699
first_improvement_eval,create_one_change_neighbors,123361.42140270381,32,1000000,80,1.7187809944152832
first_improvement_eval,create_one_change_neighbors,122520.72658203643,64,1000000,80,2.4520680904388428
first_improvement_eval,create_one_change_neighbors,121782.65765252206,2,1000000,100,0.015240907669067383
first_improvement_eval,create_one_change_neighbors,122095.64217666571,4,1000000,100,0.038353919982910156
first_improvement_eval,create_one_change_neighbors,122891.59499598114,8,1000000,100,0.31229686737060547
first_improvement_eval,create_one_change_neighbors,123097.02805685333,16,1000000,100,0.9237241744995117
first_improvement_eval,create_one_change_neighbors,123583.178179934,32,1000000,100,1.8413188457489014
first_improvement_eval,create_one_change_neighbors,123543.07799825832,64,1000000,100,4.654697895050049
first_improvement_eval,create_one_change_neighbors,121871.4285791696,2,10000000,10,0.030729055404663086
first_improvement_eval,create_one_change_neighbors,121866.53309601377,4,10000000,10,0.09962177276611328
first_improvement_eval,create_one_change_neighbors,122147.99619355872,8,10000000,10,0.5604610443115234
first_improvement_eval,create_one_change_neighbors,123466.41822769587,16,10000000,10,8.304345846176147
first_improvement_eval,create_one_change_neighbors,123623.34139429199,32,10000000,10,20.32399320602417
first_improvement_eval,create_one_change_neighbors,123704.7081936174,64,10000000,10,51.12358999252319
first_improvement_eval,create_one_change_neighbors,121782.65765252206,2,10000000,20,0.0153961181640625
first_improvement_eval,create_one_change_neighbors,122141.67489081528,4,10000000,20,0.14608097076416016
first_improvement_eval,create_one_change_neighbors,123000.45970448636,8,10000000,20,1.2056970596313477
first_improvement_eval,create_one_change_neighbors,122872.0487928023,16,10000000,20,2.026962995529175
first_improvement_eval,create_one_change_neighbors,123538.29148916077,32,10000000,20,12.606247186660767
first_improvement_eval,create_one_change_neighbors,123664.32434776674,64,10000000,20,23.833930015563965
first_improvement_eval,create_one_change_neighbors,121856.66391162088,2,10000000,40,0.02594923973083496
first_improvement_eval,create_one_change_neighbors,122172.31147111561,4,10000000,40,0.06991004943847656
first_improvement_eval,create_one_change_neighbors,122469.92074365522,8,10000000,40,0.33208584785461426
first_improvement_eval,create_one_change_neighbors,123032.83100445781,16,10000000,40,1.3889129161834717
first_improvement_eval,create_one_change_neighbors,123025.76296779781,32,10000000,40,2.476059913635254
first_improvement_eval,create_one_change_neighbors,123049.3996243628,64,10000000,40,5.45246696472168
first_improvement_eval,create_one_change_neighbors,121782.65765252206,2,10000000,60,0.01550602912902832
first_improvement_eval,create_one_change_neighbors,122094.90323483638,4,10000000,60,0.06966924667358398
first_improvement_eval,create_one_change_neighbors,121847.17796961548,8,10000000,60,0.0703132152557373
first_improvement_eval,create_one_change_neighbors,122094.90323483638,16,10000000,60,0.131011962890625
first_improvement_eval,create_one_change_neighbors,122031.41905744346,32,10000000,60,0.7467129230499268
first_improvement_eval,create_one_change_neighbors,122221.76491261287,64,10000000,60,0.9898531436920166
first_improvement_eval,create_one_change_neighbors,121896.80876390543,2,10000000,80,0.030820846557617188
first_improvement_eval,create_one_change_neighbors,122138.9201694638,4,10000000,80,0.038281917572021484
first_improvement_eval,create_one_change_neighbors,121838.57087850623,8,10000000,80,0.10177302360534668
first_improvement_eval,create_one_change_neighbors,121982.46381016976,16,10000000,80,0.2660410404205322
first_improvement_eval,create_one_change_neighbors,123136.63688809937,32,10000000,80,1.515394926071167
first_improvement_eval,create_one_change_neighbors,123412.72320533643,64,10000000,80,5.466537952423096
first_improvement_eval,create_one_change_neighbors,122095.64217666571,2,10000000,100,0.02284097671508789
first_improvement_eval,create_one_change_neighbors,121782.65765252206,4,10000000,100,0.022841215133666992
first_improvement_eval,create_one_change_neighbors,121782.65765252206,8,10000000,100,0.03795886039733887
first_improvement_eval,create_one_change_neighbors,122553.74192430075,16,10000000,100,0.31144213676452637
first_improvement_eval,create_one_change_neighbors,123563.53253584843,32,10000000,100,1.8411169052124023
first_improvement_eval,create_one_change_neighbors,123725.38927085884,64,10000000,100,5.192143678665161
greedy_selection_eval,create_one_change_neighbors,121782.65765252206,2,10000,10,0.015499114990234375
greedy_selection_eval,create_one_change_neighbors,121928.36392241271,4,10000,10,0.08155083656311035
greedy_selection_eval,create_one_change_neighbors,123077.55621546113,8,10000,10,1.7593231201171875
greedy_selection_eval,create_one_change_neighbors,123699.08543601964,16,10000,10,7.439618825912476
greedy_selection_eval,create_one_change_neighbors,123726.94826997144,32,10000,10,14.83878207206726
greedy_selection_eval,create_one_change_neighbors,123936.65552492334,64,10000,10,45.93761706352234
greedy_selection_eval,create_one_change_neighbors,121930.00411383665,2,10000,20,0.030354738235473633
greedy_selection_eval,create_one_change_neighbors,121872.605217065,4,10000,20,0.053312063217163086
greedy_selection_eval,create_one_change_neighbors,123373.32408256942,8,10000,20,1.289107322692871
greedy_selection_eval,create_one_change_neighbors,123608.24112913662,16,10000,20,3.327198028564453
greedy_selection_eval,create_one_change_neighbors,123806.60741394627,32,10000,20,9.29241394996643
greedy_selection_eval,create_one_change_neighbors,123879.7310819928,64,10000,20,19.520580053329468
greedy_selection_eval,create_one_change_neighbors,122018.90713123746,2,10000,40,0.02291727066040039
greedy_selection_eval,create_one_change_neighbors,121926.00845759512,4,10000,40,0.038249969482421875
greedy_selection_eval,create_one_change_neighbors,122212.41832504625,8,10000,40,0.14111065864562988
greedy_selection_eval,create_one_change_neighbors,123138.23357200109,16,10000,40,1.235300064086914
greedy_selection_eval,create_one_change_neighbors,123258.3645623453,32,10000,40,2.4969732761383057
greedy_selection_eval,create_one_change_neighbors,123128.73647980687,64,10000,40,3.9085261821746826
greedy_selection_eval,create_one_change_neighbors,122083.98444265651,2,10000,60,0.030804872512817383
greedy_selection_eval,create_one_change_neighbors,121907.67209883298,4,10000,60,0.038520097732543945
greedy_selection_eval,create_one_change_neighbors,122094.90323483638,8,10000,60,0.06940698623657227
greedy_selection_eval,create_one_change_neighbors,122349.73625958945,16,10000,60,0.2542448043823242
greedy_selection_eval,create_one_change_neighbors,122094.90323483638,32,10000,60,0.25452709197998047
greedy_selection_eval,create_one_change_neighbors,122374.86888350963,64,10000,60,0.9975359439849854
greedy_selection_eval,create_one_change_neighbors,121946.25756649881,2,10000,80,0.023034095764160156
greedy_selection_eval,create_one_change_neighbors,122344.5095891465,4,10000,80,0.06922626495361328
greedy_selection_eval,create_one_change_neighbors,121946.25756649881,8,10000,80,0.06936979293823242
greedy_selection_eval,create_one_change_neighbors,122138.9201694638,16,10000,80,0.1305680274963379
greedy_selection_eval,create_one_change_neighbors,122514.23893505207,32,10000,80,0.4988269805908203
greedy_selection_eval,create_one_change_neighbors,122867.82383660068,64,10000,80,1.4789860248565674
greedy_selection_eval,create_one_change_neighbors,122603.78731019015,2,10000,100,0.04612898826599121
greedy_selection_eval,create_one_change_neighbors,122095.64217666571,4,10000,100,0.038561105728149414
greedy_selection_eval,create_one_change_neighbors,121782.65765252206,8,10000,100,0.03846025466918945
greedy_selection_eval,create_one_change_neighbors,123685.28908918337,16,10000,100,1.0496878623962402
greedy_selection_eval,create_one_change_neighbors,123702.3605838371,32,10000,100,1.8401880264282227
greedy_selection_eval,create_one_change_neighbors,123765.48945253406,64,10000,100,3.6846089363098145
greedy_selection_eval,create_one_change_neighbors,121782.65765252206,2,100000,10,0.015263795852661133
greedy_selection_eval,create_one_change_neighbors,121965.24709051898,4,100000,10,0.11383414268493652
greedy_selection_eval,create_one_change_neighbors,122598.30949492208,8,100000,10,0.9854121208190918
greedy_selection_eval,create_one_change_neighbors,123627.93267583215,16,100000,10,6.994969129562378
greedy_selection_eval,create_one_change_neighbors,123743.06658130922,32,100000,10,15.711521863937378
greedy_selection_eval,create_one_change_neighbors,123769.6082702204,64,100000,10,29.905168771743774
greedy_selection_eval,create_one_change_neighbors,121782.65765252206,2,100000,20,0.015187978744506836
greedy_selection_eval,create_one_change_neighbors,121933.49352089188,4,100000,20,0.05369424819946289
greedy_selection_eval,create_one_change_neighbors,123462.78221155454,8,100000,20,1.4762887954711914
greedy_selection_eval,create_one_change_neighbors,123144.27518070328,16,100000,20,1.7852132320404053
greedy_selection_eval,create_one_change_neighbors,123446.17922078454,32,100000,20,4.89932107925415
greedy_selection_eval,create_one_change_neighbors,123895.9952085445,64,100000,20,19.324723958969116
greedy_selection_eval,create_one_change_neighbors,121989.1823640394,2,100000,40,0.0307159423828125
greedy_selection_eval,create_one_change_neighbors,122458.66806591369,4,100000,40,0.11490106582641602
greedy_selection_eval,create_one_change_neighbors,122674.26815574877,8,100000,40,0.37581706047058105
greedy_selection_eval,create_one_change_neighbors,122537.23751571227,16,100000,40,0.49709010124206543
greedy_selection_eval,create_one_change_neighbors,123079.56921436552,32,100000,40,1.972792148590088
greedy_selection_eval,create_one_change_neighbors,123274.75365082562,64,100000,40,4.882115840911865
greedy_selection_eval,create_one_change_neighbors,121833.87080149975,2,100000,60,0.023038864135742188
greedy_selection_eval,create_one_change_neighbors,121782.65765252206,4,100000,60,0.022944927215576172
greedy_selection_eval,create_one_change_neighbors,122079.65749637363,8,100000,60,0.06902623176574707
greedy_selection_eval,create_one_change_neighbors,122094.90323483638,16,100000,60,0.13061881065368652
greedy_selection_eval,create_one_change_neighbors,122079.65749637363,32,100000,60,0.2529621124267578
greedy_selection_eval,create_one_change_neighbors,122374.86888350963,64,100000,60,0.9894940853118896
greedy_selection_eval,create_one_change_neighbors,121782.65765252206,2,100000,80,0.015343904495239258
greedy_selection_eval,create_one_change_neighbors,122480.37120960871,4,100000,80,0.06892704963684082
greedy_selection_eval,create_one_change_neighbors,122867.82383660068,8,100000,80,0.19147801399230957
greedy_selection_eval,create_one_change_neighbors,122670.82591678313,16,100000,80,0.4979851245880127
greedy_selection_eval,create_one_change_neighbors,122138.9201694638,32,100000,80,0.2534160614013672
greedy_selection_eval,create_one_change_neighbors,122867.82383660068,64,100000,80,1.5024120807647705
greedy_selection_eval,create_one_change_neighbors,121782.65765252206,2,100000,100,0.015461921691894531
greedy_selection_eval,create_one_change_neighbors,121904.72699156223,4,100000,100,0.057537078857421875
greedy_selection_eval,create_one_change_neighbors,122933.90481516141,8,100000,100,0.293651819229126
greedy_selection_eval,create_one_change_neighbors,123461.34118365415,16,100000,100,0.9416499137878418
greedy_selection_eval,create_one_change_neighbors,123702.3605838371,32,100000,100,1.850705862045288
greedy_selection_eval,create_one_change_neighbors,123765.48945253406,64,100000,100,3.682945966720581
greedy_selection_eval,create_one_change_neighbors,121810.33462525721,2,1000000,10,0.022901058197021484
greedy_selection_eval,create_one_change_neighbors,122030.07241052411,4,1000000,10,0.14642691612243652
greedy_selection_eval,create_one_change_neighbors,122029.59263967641,8,1000000,10,0.19235610961914062
greedy_selection_eval,create_one_change_neighbors,123676.33967911305,16,1000000,10,7.635020017623901
greedy_selection_eval,create_one_change_neighbors,123726.77566901688,32,1000000,10,14.94567584991455
greedy_selection_eval,create_one_change_neighbors,123936.65552492334,64,1000000,10,44.92165517807007
greedy_selection_eval,create_one_change_neighbors,122002.8105109031,2,1000000,20,0.0534672737121582
greedy_selection_eval,create_one_change_neighbors,122199.72272862052,4,1000000,20,0.17655682563781738
greedy_selection_eval,create_one_change_neighbors,122672.65767890975,8,1000000,20,0.5591549873352051
greedy_selection_eval,create_one_change_neighbors,123208.12705977274,16,1000000,20,2.026951313018799
greedy_selection_eval,create_one_change_neighbors,123753.92254345164,32,1000000,20,7.73929500579834
greedy_selection_eval,create_one_change_neighbors,123887.8631452679,64,1000000,20,19.350003957748413
greedy_selection_eval,create_one_change_neighbors,122103.69766416421,2,1000000,40,0.038485050201416016
greedy_selection_eval,create_one_change_neighbors,122114.96873388457,4,1000000,40,0.08490705490112305
greedy_selection_eval,create_one_change_neighbors,121897.14222972427,8,1000000,40,0.0692739486694336
greedy_selection_eval,create_one_change_neighbors,123047.1949831096,16,1000000,40,0.9925479888916016
greedy_selection_eval,create_one_change_neighbors,123095.95830284661,32,1000000,40,1.9706780910491943
greedy_selection_eval,create_one_change_neighbors,123258.3645623453,64,1000000,40,4.918529748916626
greedy_selection_eval,create_one_change_neighbors,121833.87080149975,2,1000000,60,0.023713111877441406
greedy_selection_eval,create_one_change_neighbors,122301.74890062943,4,1000000,60,0.06906008720397949
greedy_selection_eval,create_one_change_neighbors,122094.90323483638,8,1000000,60,0.0690610408782959
greedy_selection_eval,create_one_change_neighbors,122374.86888350963,16,1000000,60,0.25336599349975586
greedy_selection_eval,create_one_change_neighbors,122349.73625958945,32,1000000,60,0.4978141784667969
greedy_selection_eval,create_one_change_neighbors,122374.86888350963,64,1000000,60,0.9870688915252686
greedy_selection_eval,create_one_change_neighbors,122095.2918681553,2,1000000,80,0.02295207977294922
greedy_selection_eval,create_one_change_neighbors,122138.9201694638,4,1000000,80,0.0381617546081543
greedy_selection_eval,create_one_change_neighbors,122344.5095891465,8,1000000,80,0.13011693954467773
greedy_selection_eval,create_one_change_neighbors,122138.9201694638,16,1000000,80,0.1299278736114502
greedy_selection_eval,create_one_change_neighbors,122514.23893505207,32,1000000,80,0.500831127166748
greedy_selection_eval,create_one_change_neighbors,122867.82383660068,64,1000000,80,1.4790608882904053
greedy_selection_eval,create_one_change_neighbors,121782.65765252206,2,1000000,100,0.015246868133544922
greedy_selection_eval,create_one_change_neighbors,122095.64217666571,4,1000000,100,0.03815102577209473
greedy_selection_eval,create_one_change_neighbors,122580.31192729333,8,1000000,100,0.1316699981689453
greedy_selection_eval,create_one_change_neighbors,123447.24791366553,16,1000000,100,0.6257960796356201
greedy_selection_eval,create_one_change_neighbors,123662.93924569865,32,1000000,100,1.842668056488037
greedy_selection_eval,create_one_change_neighbors,123765.48945253406,64,1000000,100,3.680492877960205
greedy_selection_eval,create_one_change_neighbors,121948.90192937241,2,10000000,10,0.05387425422668457
greedy_selection_eval,create_one_change_neighbors,121841.1008784452,4,10000000,10,0.054164886474609375
greedy_selection_eval,create_one_change_neighbors,122076.64105348357,8,10000000,10,0.22413086891174316
greedy_selection_eval,create_one_change_neighbors,123524.02007388178,16,10000000,10,5.755188941955566
greedy_selection_eval,create_one_change_neighbors,123726.91662877578,32,10000000,10,14.928774118423462
greedy_selection_eval,create_one_change_neighbors,123895.9952085445,64,10000000,10,38.455503940582275
greedy_selection_eval,create_one_change_neighbors,122047.49674816901,2,10000000,20,0.038564205169677734
greedy_selection_eval,create_one_change_neighbors,122402.32504321096,4,10000000,20,0.23868727684020996
greedy_selection_eval,create_one_change_neighbors,122309.75643303776,8,10000000,20,0.2845618724822998
greedy_selection_eval,create_one_change_neighbors,123382.54141620004,16,10000000,20,2.341850996017456
greedy_selection_eval,create_one_change_neighbors,123634.25330172435,32,10000000,20,6.4822471141815186
greedy_selection_eval,create_one_change_neighbors,123871.59901871633,64,10000000,20,19.28654718399048
greedy_selection_eval,create_one_change_neighbors,121782.65765252206,2,10000000,40,0.015166997909545898
greedy_selection_eval,create_one_change_neighbors,121971.72442900769,4,10000000,40,0.053614139556884766
greedy_selection_eval,create_one_change_neighbors,122546.31748678087,8,10000000,40,0.3145122528076172
greedy_selection_eval,create_one_change_neighbors,123104.66899993319,16,10000000,40,0.9827828407287598
greedy_selection_eval,create_one_change_neighbors,123242.3794195707,32,10000000,40,2.462735891342163
greedy_selection_eval,create_one_change_neighbors,123274.75365082562,64,10000000,40,4.918323993682861
greedy_selection_eval,create_one_change_neighbors,121833.87080149975,2,10000000,60,0.02311992645263672
greedy_selection_eval,create_one_change_neighbors,121799.16114911895,4,10000000,60,0.0386202335357666
greedy_selection_eval,create_one_change_neighbors,122431.39347763832,8,10000000,60,0.19288182258605957
greedy_selection_eval,create_one_change_neighbors,122349.73625958945,16,10000000,60,0.2529940605163574
greedy_selection_eval,create_one_change_neighbors,122094.90323483638,32,10000000,60,0.2529139518737793
greedy_selection_eval,create_one_change_neighbors,122374.86888350963,64,10000000,60,0.9953961372375488
greedy_selection_eval,create_one_change_neighbors,121782.65765252206,2,10000000,80,0.015341043472290039
greedy_selection_eval,create_one_change_neighbors,122226.334310378,4,10000000,80,0.06871414184570312
greedy_selection_eval,create_one_change_neighbors,122095.2918681553,8,10000000,80,0.06846308708190918
greedy_selection_eval,create_one_change_neighbors,121883.4828273234,16,10000000,80,0.13028407096862793
greedy_selection_eval,create_one_change_neighbors,122867.82383660068,32,10000000,80,0.7426140308380127
greedy_selection_eval,create_one_change_neighbors,122867.82383660068,64,10000000,80,1.4737751483917236
greedy_selection_eval,create_one_change_neighbors,121782.65765252206,2,10000000,100,0.015231847763061523
greedy_selection_eval,create_one_change_neighbors,122151.98734123202,4,10000000,100,0.038075923919677734
greedy_selection_eval,create_one_change_neighbors,122353.49682412905,8,10000000,100,0.13065409660339355
greedy_selection_eval,create_one_change_neighbors,123569.9620814221,16,10000000,100,0.7425158023834229
greedy_selection_eval,create_one_change_neighbors,123765.48945253406,32,10000000,100,1.8427691459655762
greedy_selection_eval,create_one_change_neighbors,123765.48945253406,64,10000000,100,3.6625373363494873
stochastic_selection_eval,create_one_change_neighbors,121782.65765252206,2,10000,10,0.015641212463378906
stochastic_selection_eval,create_one_change_neighbors,122208.10477678008,4,10000,10,0.39060091972351074
stochastic_selection_eval,create_one_change_neighbors,121902.7807223787,8,10000,10,0.19050288200378418
stochastic_selection_eval,create_one_change_neighbors,123416.18960539855,16,10000,10,6.650081157684326
stochastic_selection_eval,create_one_change_neighbors,123575.03812087952,32,10000,10,17.955963850021362
stochastic_selection_eval,create_one_change_neighbors,123842.34108763785,64,10000,10,64.3936858177185
stochastic_selection_eval,create_one_change_neighbors,121913.6158078532,2,10000,20,0.023350954055786133
stochastic_selection_eval,create_one_change_neighbors,121907.67209883298,4,10000,20,0.0689399242401123
stochastic_selection_eval,create_one_change_neighbors,122799.0099552572,8,10000,20,0.8648440837860107
stochastic_selection_eval,create_one_change_neighbors,123333.26845137402,16,10000,20,3.8742198944091797
stochastic_selection_eval,create_one_change_neighbors,123672.51889200705,32,10000,20,11.79653787612915
stochastic_selection_eval,create_one_change_neighbors,123879.7310819928,64,10000,20,32.48247504234314
stochastic_selection_eval,create_one_change_neighbors,122018.90713123746,2,10000,40,0.02288508415222168
stochastic_selection_eval,create_one_change_neighbors,122018.90713123746,4,10000,40,0.03791403770446777
stochastic_selection_eval,create_one_change_neighbors,122232.74172800494,8,10000,40,0.16102981567382812
stochastic_selection_eval,create_one_change_neighbors,122964.11562695654,16,10000,40,1.116339921951294
stochastic_selection_eval,create_one_change_neighbors,122800.62128022933,32,10000,40,1.7907769680023193
stochastic_selection_eval,create_one_change_neighbors,123088.0071232642,64,10000,40,5.422648906707764
stochastic_selection_eval,create_one_change_neighbors,122062.98529847144,2,10000,60,0.023092031478881836
stochastic_selection_eval,create_one_change_neighbors,121847.17796961548,4,10000,60,0.0384221076965332
stochastic_selection_eval,create_one_change_neighbors,122079.65749637363,8,10000,60,0.06937003135681152
stochastic_selection_eval,create_one_change_neighbors,122484.36530708607,16,10000,60,0.37674999237060547
stochastic_selection_eval,create_one_change_neighbors,122168.13660347226,32,10000,60,0.533470869064331
stochastic_selection_eval,create_one_change_neighbors,122479.2668706507,64,10000,60,1.4836201667785645
stochastic_selection_eval,create_one_change_neighbors,121803.18388025895,2,10000,80,0.022734880447387695
stochastic_selection_eval,create_one_change_neighbors,121838.57087850623,4,10000,80,0.03777718544006348
stochastic_selection_eval,create_one_change_neighbors,121784.77452297069,8,10000,80,0.06804299354553223
stochastic_selection_eval,create_one_change_neighbors,122255.75259212506,16,10000,80,0.37300682067871094
stochastic_selection_eval,create_one_change_neighbors,122670.54193781817,32,10000,80,0.9889841079711914
stochastic_selection_eval,create_one_change_neighbors,123361.23317861707,64,10000,80,3.962204933166504
stochastic_selection_eval,create_one_change_neighbors,121782.65765252206,2,10000,100,0.015475988388061523
stochastic_selection_eval,create_one_change_neighbors,121782.65765252206,4,10000,100,0.02311992645263672
stochastic_selection_eval,create_one_change_neighbors,122795.65199313159,8,10000,100,0.19202041625976562
stochastic_selection_eval,create_one_change_neighbors,123583.178179934,16,10000,100,1.175978660583496
stochastic_selection_eval,create_one_change_neighbors,123623.27836160896,32,10000,100,1.8504559993743896
stochastic_selection_eval,create_one_change_neighbors,123583.178179934,64,10000,100,3.701925039291382
stochastic_selection_eval,create_one_change_neighbors,121782.65765252206,2,100000,10,0.01530003547668457
stochastic_selection_eval,create_one_change_neighbors,121942.3051998845,4,100000,10,0.12982606887817383
stochastic_selection_eval,create_one_change_neighbors,122012.1727930682,8,100000,10,0.3443601131439209
stochastic_selection_eval,create_one_change_neighbors,123503.54732855927,16,100000,10,8.04942011833191
stochastic_selection_eval,create_one_change_neighbors,123624.34773447776,32,100000,10,21.582117795944214
stochastic_selection_eval,create_one_change_neighbors,123887.16204818388,64,100000,10,67.03173398971558
stochastic_selection_eval,create_one_change_neighbors,121923.6931455879,2,100000,20,0.061482906341552734
stochastic_selection_eval,create_one_change_neighbors,122014.56869130737,4,100000,20,0.053861141204833984
stochastic_selection_eval,create_one_change_neighbors,122363.67814130303,8,100000,20,0.4722139835357666
stochastic_selection_eval,create_one_change_neighbors,123333.02233961338,16,100000,20,3.104336738586426
stochastic_selection_eval,create_one_change_neighbors,123394.79526251457,32,100000,20,7.517596244812012
stochastic_selection_eval,create_one_change_neighbors,123704.78091612145,64,100000,20,24.390974283218384
stochastic_selection_eval,create_one_change_neighbors,121872.90662586792,2,100000,40,0.022928953170776367
stochastic_selection_eval,create_one_change_neighbors,121848.06820440527,4,100000,40,0.03823113441467285
stochastic_selection_eval,create_one_change_neighbors,122655.62503047321,8,100000,40,0.40472984313964844
stochastic_selection_eval,create_one_change_neighbors,123032.03151783688,16,100000,40,1.167823076248169
stochastic_selection_eval,create_one_change_neighbors,122959.6446330495,32,100000,40,2.2249460220336914
stochastic_selection_eval,create_one_change_neighbors,123025.76296779781,64,100000,40,4.95805287361145
stochastic_selection_eval,create_one_change_neighbors,121782.65765252206,2,100000,60,0.0153961181640625
stochastic_selection_eval,create_one_change_neighbors,122139.4421798465,4,100000,60,0.06934499740600586
stochastic_selection_eval,create_one_change_neighbors,122117.67725909228,8,100000,60,0.1305220127105713
stochastic_selection_eval,create_one_change_neighbors,121799.16114911895,16,100000,60,0.1305840015411377
stochastic_selection_eval,create_one_change_neighbors,122314.29830428204,32,100000,60,0.7604808807373047
stochastic_selection_eval,create_one_change_neighbors,122198.78970411884,64,100000,60,1.479792833328247
stochastic_selection_eval,create_one_change_neighbors,121784.77452297069,2,100000,80,0.055561065673828125
stochastic_selection_eval,create_one_change_neighbors,122138.9201694638,4,100000,80,0.04306292533874512
stochastic_selection_eval,create_one_change_neighbors,121784.77452297069,8,100000,80,0.06932806968688965
stochastic_selection_eval,create_one_change_neighbors,122283.19749582694,16,100000,80,0.3756139278411865
stochastic_selection_eval,create_one_change_neighbors,123156.56417265045,32,100000,80,1.878735065460205
stochastic_selection_eval,create_one_change_neighbors,123395.03551083329,64,100000,80,3.991319179534912
stochastic_selection_eval,create_one_change_neighbors,121782.65765252206,2,100000,100,0.015333175659179688
stochastic_selection_eval,create_one_change_neighbors,122179.73074604286,4,100000,100,0.0536189079284668
stochastic_selection_eval,create_one_change_neighbors,122207.64898895803,8,100000,100,0.13025212287902832
stochastic_selection_eval,create_one_change_neighbors,123304.29318643757,16,100000,100,0.7565319538116455
stochastic_selection_eval,create_one_change_neighbors,123485.42835237573,32,100000,100,1.7214059829711914
stochastic_selection_eval,create_one_change_neighbors,123603.63271752422,64,100000,100,4.759509801864624
stochastic_selection_eval,create_one_change_neighbors,121782.65765252206,2,1000000,10,0.01528310775756836
stochastic_selection_eval,create_one_change_neighbors,121995.0715504819,4,1000000,10,0.14541101455688477
stochastic_selection_eval,create_one_change_neighbors,121929.57374432885,8,1000000,10,0.22176718711853027
stochastic_selection_eval,create_one_change_neighbors,123382.95725049285,16,1000000,10,6.14858603477478
stochastic_selection_eval,create_one_change_neighbors,123595.35759930266,32,1000000,10,18.919167280197144
stochastic_selection_eval,create_one_change_neighbors,123749.42741312993,64,1000000,10,60.75792717933655
stochastic_selection_eval,create_one_change_neighbors,121836.27182104709,2,1000000,20,0.03141331672668457
stochastic_selection_eval,create_one_change_neighbors,122046.94525709323,4,1000000,20,0.08659911155700684
stochastic_selection_eval,create_one_change_neighbors,123341.77462204975,8,1000000,20,1.41330885887146
stochastic_selection_eval,create_one_change_neighbors,123198.52208149627,16,1000000,20,2.941908836364746
stochastic_selection_eval,create_one_change_neighbors,123278.97988854212,32,1000000,20,6.371959924697876
stochastic_selection_eval,create_one_change_neighbors,123700.94172042556,64,1000000,20,23.924784183502197
stochastic_selection_eval,create_one_change_neighbors,121848.06820440527,2,1000000,40,0.0229489803314209
stochastic_selection_eval,create_one_change_neighbors,121966.68779281242,4,1000000,40,0.06897211074829102
stochastic_selection_eval,create_one_change_neighbors,122132.2265222262,8,1000000,40,0.19313693046569824
stochastic_selection_eval,create_one_change_neighbors,122936.57170283586,16,1000000,40,1.3907320499420166
stochastic_selection_eval,create_one_change_neighbors,123105.85934074565,32,1000000,40,2.9850099086761475
stochastic_selection_eval,create_one_change_neighbors,123040.40869995393,64,1000000,40,5.493167161941528
stochastic_selection_eval,create_one_change_neighbors,121872.52739953923,2,1000000,60,0.02320408821105957
stochastic_selection_eval,create_one_change_neighbors,121847.17796961548,4,1000000,60,0.038604021072387695
stochastic_selection_eval,create_one_change_neighbors,121824.40394536003,8,1000000,60,0.07041788101196289
stochastic_selection_eval,create_one_change_neighbors,122295.28714256926,16,1000000,60,0.2557251453399658
stochastic_selection_eval,create_one_change_neighbors,122349.73625958945,32,1000000,60,0.49829816818237305
stochastic_selection_eval,create_one_change_neighbors,122220.08638245177,64,1000000,60,1.478243112564087
stochastic_selection_eval,create_one_change_neighbors,121838.57087850623,2,1000000,80,0.02309703826904297
stochastic_selection_eval,create_one_change_neighbors,121803.18388025895,4,1000000,80,0.03831887245178223
stochastic_selection_eval,create_one_change_neighbors,121878.99808471302,8,1000000,80,0.19126200675964355
stochastic_selection_eval,create_one_change_neighbors,122168.80025262444,16,1000000,80,0.2543668746948242
stochastic_selection_eval,create_one_change_neighbors,122356.40946294348,32,1000000,80,0.7472786903381348
stochastic_selection_eval,create_one_change_neighbors,123357.9225650426,64,1000000,80,3.9403128623962402
stochastic_selection_eval,create_one_change_neighbors,122121.03725089208,2,1000000,100,0.023105144500732422
stochastic_selection_eval,create_one_change_neighbors,122151.98734123202,4,1000000,100,0.038347721099853516
stochastic_selection_eval,create_one_change_neighbors,123173.1054034361,8,1000000,100,0.34499025344848633
stochastic_selection_eval,create_one_change_neighbors,122837.27100671035,16,1000000,100,0.5635619163513184
stochastic_selection_eval,create_one_change_neighbors,123725.38927085884,32,1000000,100,2.3930439949035645
stochastic_selection_eval,create_one_change_neighbors,123623.27836160896,64,1000000,100,3.680525064468384
stochastic_selection_eval,create_one_change_neighbors,122024.05150019465,2,10000000,10,0.09188985824584961
stochastic_selection_eval,create_one_change_neighbors,121847.01456764466,4,10000000,10,0.03831124305725098
stochastic_selection_eval,create_one_change_neighbors,122403.08577805437,8,10000000,10,0.9881777763366699
stochastic_selection_eval,create_one_change_neighbors,123506.8962071364,16,10000000,10,8.914477109909058
stochastic_selection_eval,create_one_change_neighbors,123712.73764505683,32,10000000,10,25.624834775924683
stochastic_selection_eval,create_one_change_neighbors,123696.64358529517,64,10000000,10,50.845781087875366
stochastic_selection_eval,create_one_change_neighbors,121911.57534365871,2,10000000,20,0.030476093292236328
stochastic_selection_eval,create_one_change_neighbors,122116.95278399781,4,10000000,20,0.11482501029968262
stochastic_selection_eval,create_one_change_neighbors,122114.67371878451,8,10000000,20,0.2532050609588623
stochastic_selection_eval,create_one_change_neighbors,123343.55945519482,16,10000000,20,3.4414899349212646
stochastic_selection_eval,create_one_change_neighbors,123716.81465605907,32,10000000,20,12.482434034347534
stochastic_selection_eval,create_one_change_neighbors,123814.63303409616,64,10000000,20,27.38098692893982
stochastic_selection_eval,create_one_change_neighbors,121782.65765252206,2,10000000,40,0.01536417007446289
stochastic_selection_eval,create_one_change_neighbors,121856.66391162088,4,10000000,40,0.03847503662109375
stochastic_selection_eval,create_one_change_neighbors,122412.56982337871,8,10000000,40,0.3469579219818115
stochastic_selection_eval,create_one_change_neighbors,122967.49229948944,16,10000000,40,1.2363991737365723
stochastic_selection_eval,create_one_change_neighbors,123112.90937215387,32,10000000,40,2.4548981189727783
stochastic_selection_eval,create_one_change_neighbors,123081.16350088542,64,10000000,40,5.962818145751953
stochastic_selection_eval,create_one_change_neighbors,122062.98529847144,2,10000000,60,0.023255109786987305
stochastic_selection_eval,create_one_change_neighbors,122062.98529847144,4,10000000,60,0.03867697715759277
stochastic_selection_eval,create_one_change_neighbors,122130.04793412951,8,10000000,60,0.13138103485107422
stochastic_selection_eval,create_one_change_neighbors,122397.84409200307,16,10000000,60,0.37421584129333496
stochastic_selection_eval,create_one_change_neighbors,121824.40394536003,32,10000000,60,0.2524600028991699
stochastic_selection_eval,create_one_change_neighbors,122492.59875379519,64,10000000,60,1.484632968902588
stochastic_selection_eval,create_one_change_neighbors,121946.25756649881,2,10000000,80,0.023049116134643555
stochastic_selection_eval,create_one_change_neighbors,122138.9201694638,4,10000000,80,0.03843283653259277
stochastic_selection_eval,create_one_change_neighbors,122331.5686255634,8,10000000,80,0.19158411026000977
stochastic_selection_eval,create_one_change_neighbors,122150.71586669896,16,10000000,80,0.25220608711242676
stochastic_selection_eval,create_one_change_neighbors,122288.5638397377,32,10000000,80,0.5079569816589355
stochastic_selection_eval,create_one_change_neighbors,122952.13875058731,64,10000000,80,3.500951051712036
stochastic_selection_eval,create_one_change_neighbors,121782.65765252206,2,10000000,100,0.015337944030761719
stochastic_selection_eval,create_one_change_neighbors,122300.84599739236,4,10000000,100,0.0701749324798584
stochastic_selection_eval,create_one_change_neighbors,122786.5634046713,8,10000000,100,0.26215410232543945
stochastic_selection_eval,create_one_change_neighbors,121782.65765252206,16,10000000,100,0.07124209403991699
stochastic_selection_eval,create_one_change_neighbors,123583.178179934,32,10000000,100,2.3372812271118164
stochastic_selection_eval,create_one_change_neighbors,123583.178179934,64,10000000,100,5.6523048877716064
